"match_date_weekday_id","match_date_day","match_date_month_id","match_date_year","home_team_name_id","away_team_name_id","home_team_goal","away_team_goal","name","name-2"
1,"31",4,"2015",23,7,"0","1","Sunderland","Liverpool"
2,"30",4,"2015",8,13,"0","0","Leicester City","Manchester City"
3,"1",7,"2015",2,16,"0","0","Crystal Palace","Manchester United"
3,"1",7,"2015",6,10,"2","0","Watford","West Ham United"
3,"1",7,"2015",11,23,"6","2","Everton","Sunderland"
3,"1",7,"2015",13,27,"2","1","Manchester City","Norwich City"
3,"1",7,"2015",17,20,"0","3","Swansea City","Arsenal"
3,"1",7,"2015",18,8,"2","3","West Bromwich Albion","Leicester City"
3,"1",7,"2015",22,19,"0","0","Newcastle United","Stoke City"
3,"13",4,"2015",2,1,"1","0","Crystal Palace","Southampton"
3,"13",4,"2015",3,16,"2","1","AFC Bournemouth","Manchester United"
3,"13",4,"2015",10,19,"0","0","West Ham United","Stoke City"
3,"13",4,"2015",13,17,"2","1","Manchester City","Swansea City"
3,"13",4,"2015",23,6,"0","1","Sunderland","Watford"
3,"13",4,"2015",28,20,"0","2","Aston Villa","Arsenal"
3,"13",9,"2015",16,7,"3","1","Manchester United","Liverpool"
3,"13",9,"2015",23,5,"0","1","Sunderland","Tottenham Hotspur"
3,"16",10,"2015",2,20,"1","2","Crystal Palace","Arsenal"
3,"18",8,"2015",6,20,"0","3","Watford","Arsenal"
3,"20",4,"2015",1,5,"0","2","Southampton","Tottenham Hotspur"
3,"20",4,"2015",4,23,"3","1","Chelsea","Sunderland"
3,"20",4,"2015",6,7,"3","0","Watford","Liverpool"
3,"20",4,"2015",11,8,"2","3","Everton","Leicester City"
3,"20",4,"2015",16,27,"1","2","Manchester United","Norwich City"
3,"20",4,"2015",18,3,"1","2","West Bromwich Albion","AFC Bournemouth"
3,"20",4,"2015",19,2,"1","2","Stoke City","Crystal Palace"
3,"20",4,"2015",22,28,"1","1","Newcastle United","Aston Villa"
3,"20",9,"2015",5,2,"1","0","Tottenham Hotspur","Crystal Palace"
3,"20",9,"2015",13,10,"1","2","Manchester City","West Ham United"
3,"22",7,"2015",1,19,"0","1","Southampton","Stoke City"
3,"22",7,"2015",4,27,"1","0","Chelsea","Norwich City"
3,"22",7,"2015",11,28,"4","0","Everton","Aston Villa"
3,"22",7,"2015",13,7,"1","4","Manchester City","Liverpool"
3,"22",7,"2015",17,3,"2","2","Swansea City","AFC Bournemouth"
3,"22",7,"2015",18,20,"2","1","West Bromwich Albion","Arsenal"
3,"22",7,"2015",22,8,"0","3","Newcastle United","Leicester City"
3,"23",10,"2015",18,4,"2","3","West Bromwich Albion","Chelsea"
3,"25",8,"2015",3,5,"1","5","AFC Bournemouth","Tottenham Hotspur"
3,"25",8,"2015",16,13,"0","0","Manchester United","Manchester City"
3,"25",8,"2015",20,11,"2","1","Arsenal","Everton"
3,"25",8,"2015",23,22,"3","0","Sunderland","Newcastle United"
3,"27",4,"2015",1,20,"4","0","Southampton","Arsenal"
3,"27",4,"2015",3,2,"0","0","AFC Bournemouth","Crystal Palace"
3,"27",4,"2015",4,6,"2","2","Chelsea","Watford"
3,"27",4,"2015",5,27,"3","0","Tottenham Hotspur","Norwich City"
3,"27",4,"2015",7,8,"1","0","Liverpool","Leicester City"
3,"27",4,"2015",13,23,"4","1","Manchester City","Sunderland"
3,"27",4,"2015",17,18,"1","0","Swansea City","West Bromwich Albion"
3,"27",4,"2015",22,11,"0","1","Newcastle United","Everton"
3,"27",4,"2015",28,10,"1","1","Aston Villa","West Ham United"
3,"27",9,"2015",22,4,"2","2","Newcastle United","Chelsea"
3,"29",7,"2015",2,22,"5","1","Crystal Palace","Newcastle United"
3,"29",7,"2015",3,11,"3","3","AFC Bournemouth","Everton"
3,"29",7,"2015",5,4,"0","0","Tottenham Hotspur","Chelsea"
3,"29",7,"2015",8,16,"1","1","Leicester City","Manchester United"
3,"29",7,"2015",10,18,"1","1","West Ham United","West Bromwich Albion"
3,"29",7,"2015",13,1,"3","1","Manchester City","Southampton"
3,"29",7,"2015",23,19,"2","0","Sunderland","Stoke City"
3,"29",7,"2015",28,6,"2","3","Aston Villa","Watford"
3,"30",10,"2015",1,27,"3","0","Southampton","Norwich City"
3,"30",10,"2015",5,11,"0","0","Tottenham Hotspur","Everton"
3,"4",8,"2015",4,1,"1","3","Chelsea","Southampton"
3,"4",8,"2015",11,7,"1","1","Everton","Liverpool"
3,"6",4,"2015",1,28,"1","1","Southampton","Aston Villa"
3,"6",4,"2015",4,3,"0","1","Chelsea","AFC Bournemouth"
3,"6",4,"2015",6,27,"2","0","Watford","Norwich City"
3,"6",4,"2015",16,10,"0","0","Manchester United","West Ham United"
3,"6",4,"2015",17,8,"0","3","Swansea City","Leicester City"
3,"6",4,"2015",18,5,"1","1","West Bromwich Albion","Tottenham Hotspur"
3,"6",4,"2015",20,23,"3","1","Arsenal","Sunderland"
3,"8",7,"2015",8,6,"2","1","Leicester City","Watford"
3,"8",7,"2015",10,11,"1","1","West Ham United","Everton"
3,"8",7,"2015",16,18,"2","0","Manchester United","West Bromwich Albion"
3,"8",7,"2015",19,4,"1","0","Stoke City","Chelsea"
3,"8",7,"2015",23,1,"0","1","Sunderland","Southampton"
3,"8",7,"2015",27,17,"1","0","Norwich City","Swansea City"
3,"8",7,"2015",28,13,"0","0","Aston Villa","Manchester City"
3,"9",10,"2015",4,17,"2","2","Chelsea","Swansea City"
3,"9",10,"2015",20,10,"0","2","Arsenal","West Ham United"
3,"9",10,"2015",22,1,"2","2","Newcastle United","Southampton"
4,"10",10,"2015",19,7,"0","1","Stoke City","Liverpool"
4,"14",4,"2015",5,22,"1","2","Tottenham Hotspur","Newcastle United"
4,"14",4,"2015",7,18,"2","2","Liverpool","West Bromwich Albion"
4,"14",9,"2015",8,28,"3","2","Leicester City","Aston Villa"
4,"17",10,"2015",13,4,"3","0","Manchester City","Chelsea"
4,"19",8,"2015",22,27,"6","2","Newcastle United","Norwich City"
4,"2",7,"2015",1,3,"2","0","Southampton","AFC Bournemouth"
4,"21",4,"2015",17,10,"0","0","Swansea City","West Ham United"
4,"21",9,"2015",1,16,"2","3","Southampton","Manchester United"
4,"21",9,"2015",7,27,"1","1","Liverpool","Norwich City"
4,"23",7,"2015",5,10,"4","1","Tottenham Hotspur","West Ham United"
4,"24",10,"2015",6,1,"0","0","Watford","Southampton"
4,"24",10,"2015",11,13,"0","2","Everton","Manchester City"
4,"26",8,"2015",7,1,"1","1","Liverpool","Southampton"
4,"28",9,"2015",6,2,"0","1","Watford","Crystal Palace"
4,"30",7,"2015",7,17,"1","0","Liverpool","Swansea City"
4,"30",7,"2015",27,20,"1","1","Norwich City","Arsenal"
4,"31",10,"2015",17,16,"2","1","Swansea City","Manchester United"
4,"5",8,"2015",17,5,"2","2","Swansea City","Tottenham Hotspur"
4,"5",8,"2015",20,16,"3","0","Arsenal","Manchester United"
4,"7",4,"2015",22,7,"2","0","Newcastle United","Liverpool"
4,"9",7,"2015",7,2,"1","2","Liverpool","Crystal Palace"
4,"9",7,"2015",20,5,"1","1","Arsenal","Tottenham Hotspur"
6,"12",4,"2015",27,11,"1","1","Norwich City","Everton"
6,"12",9,"2015",2,13,"0","1","Crystal Palace","Manchester City"
6,"12",9,"2015",6,17,"1","0","Watford","Swansea City"
6,"12",9,"2015",11,4,"3","1","Everton","Chelsea"
6,"12",9,"2015",18,1,"0","0","West Bromwich Albion","Southampton"
6,"12",9,"2015",20,19,"2","0","Arsenal","Stoke City"
6,"12",9,"2015",27,3,"3","1","Norwich City","AFC Bournemouth"
6,"15",10,"2015",1,11,"0","3","Southampton","Everton"
6,"15",10,"2015",5,19,"2","2","Tottenham Hotspur","Stoke City"
6,"15",10,"2015",6,18,"0","0","Watford","West Bromwich Albion"
6,"15",10,"2015",10,8,"1","2","West Ham United","Leicester City"
6,"15",10,"2015",17,22,"2","0","Swansea City","Newcastle United"
6,"15",10,"2015",23,27,"1","3","Sunderland","Norwich City"
6,"15",10,"2015",28,16,"0","1","Aston Villa","Manchester United"
6,"17",8,"2015",1,8,"2","2","Southampton","Leicester City"
6,"17",8,"2015",2,10,"1","3","Crystal Palace","West Ham United"
6,"17",8,"2015",4,28,"2","0","Chelsea","Aston Villa"
6,"17",8,"2015",5,7,"0","0","Tottenham Hotspur","Liverpool"
6,"17",8,"2015",11,16,"0","3","Everton","Manchester United"
6,"17",8,"2015",13,3,"5","1","Manchester City","AFC Bournemouth"
6,"17",8,"2015",18,23,"1","0","West Bromwich Albion","Sunderland"
6,"19",9,"2015",3,23,"2","0","AFC Bournemouth","Sunderland"
6,"19",9,"2015",4,20,"2","0","Chelsea","Arsenal"
6,"19",9,"2015",17,11,"0","0","Swansea City","Everton"
6,"19",9,"2015",19,8,"2","2","Stoke City","Leicester City"
6,"19",9,"2015",22,6,"1","2","Newcastle United","Watford"
6,"19",9,"2015",28,18,"0","1","Aston Villa","West Bromwich Albion"
6,"21",7,"2015",6,16,"1","2","Watford","Manchester United"
6,"22",10,"2015",2,28,"2","1","Crystal Palace","Aston Villa"
6,"22",10,"2015",8,5,"1","1","Leicester City","Tottenham Hotspur"
6,"22",10,"2015",10,3,"3","4","West Ham United","AFC Bournemouth"
6,"22",10,"2015",16,22,"0","0","Manchester United","Newcastle United"
6,"22",10,"2015",23,17,"1","1","Sunderland","Swansea City"
6,"22",10,"2015",27,19,"1","1","Norwich City","Stoke City"
6,"24",8,"2015",8,2,"1","0","Leicester City","Crystal Palace"
6,"24",8,"2015",10,4,"2","1","West Ham United","Chelsea"
6,"24",8,"2015",19,6,"0","2","Stoke City","Watford"
6,"24",8,"2015",27,18,"0","1","Norwich City","West Bromwich Albion"
6,"24",8,"2015",28,17,"1","2","Aston Villa","Swansea City"
6,"26",4,"2015",19,16,"2","0","Stoke City","Manchester United"
6,"26",9,"2015",1,17,"3","1","Southampton","Swansea City"
6,"26",9,"2015",5,13,"4","1","Tottenham Hotspur","Manchester City"
6,"26",9,"2015",7,28,"3","2","Liverpool","Aston Villa"
6,"26",9,"2015",8,20,"2","5","Leicester City","Arsenal"
6,"26",9,"2015",10,27,"2","2","West Ham United","Norwich City"
6,"26",9,"2015",16,23,"3","0","Manchester United","Sunderland"
6,"26",9,"2015",19,3,"2","1","Stoke City","AFC Bournemouth"
6,"29",10,"2015",3,8,"1","1","AFC Bournemouth","Leicester City"
6,"29",10,"2015",4,2,"1","2","Chelsea","Crystal Palace"
6,"29",10,"2015",7,10,"0","3","Liverpool","West Ham United"
6,"29",10,"2015",13,6,"2","0","Manchester City","Watford"
6,"29",10,"2015",19,18,"0","1","Stoke City","West Bromwich Albion"
6,"29",10,"2015",22,20,"0","1","Newcastle United","Arsenal"
6,"29",10,"2015",28,23,"2","2","Aston Villa","Sunderland"
6,"3",8,"2015",2,18,"2","0","Crystal Palace","West Bromwich Albion"
6,"3",8,"2015",3,6,"1","1","AFC Bournemouth","Watford"
6,"3",8,"2015",13,22,"6","1","Manchester City","Newcastle United"
6,"3",8,"2015",23,10,"2","2","Sunderland","West Ham United"
6,"3",8,"2015",27,8,"1","2","Norwich City","Leicester City"
6,"3",8,"2015",28,19,"0","1","Aston Villa","Stoke City"
6,"31",8,"2015",4,7,"1","3","Chelsea","Liverpool"
6,"5",4,"2015",19,13,"2","0","Stoke City","Manchester City"
6,"7",7,"2015",3,22,"0","1","AFC Bournemouth","Newcastle United"
6,"8",10,"2015",3,28,"0","1","AFC Bournemouth","Aston Villa"
6,"8",10,"2015",8,23,"4","2","Leicester City","Sunderland"
6,"8",10,"2015",11,6,"2","2","Everton","Watford"
6,"8",10,"2015",16,5,"1","0","Manchester United","Tottenham Hotspur"
6,"8",10,"2015",27,2,"1","3","Norwich City","Crystal Palace"
7,"11",10,"2015",18,13,"0","3","West Bromwich Albion","Manchester City"
7,"15",4,"2015",8,4,"2","1","Leicester City","Chelsea"
7,"15",9,"2015",10,22,"2","0","West Ham United","Newcastle United"
7,"18",10,"2015",7,3,"1","0","Liverpool","AFC Bournemouth"
7,"20",8,"2015",17,19,"0","1","Swansea City","Stoke City"
7,"22",4,"2015",20,13,"2","1","Arsenal","Manchester City"
7,"24",7,"2015",2,23,"0","1","Crystal Palace","Sunderland"
7,"25",10,"2015",20,7,"0","0","Arsenal","Liverpool"
7,"29",4,"2015",2,17,"0","0","Crystal Palace","Swansea City"
7,"29",4,"2015",6,5,"1","2","Watford","Tottenham Hotspur"
7,"29",4,"2015",10,1,"2","1","West Ham United","Southampton"
7,"29",4,"2015",11,19,"3","4","Everton","Stoke City"
7,"29",4,"2015",16,4,"0","0","Manchester United","Chelsea"
7,"29",4,"2015",18,22,"1","0","West Bromwich Albion","Newcastle United"
7,"29",4,"2015",20,3,"2","0","Arsenal","AFC Bournemouth"
7,"29",4,"2015",27,28,"2","0","Norwich City","Aston Villa"
7,"29",9,"2015",18,11,"2","3","West Bromwich Albion","Everton"
7,"3",7,"2015",5,28,"3","1","Tottenham Hotspur","Aston Villa"
7,"8",4,"2015",11,2,"1","1","Everton","Crystal Palace"
1,"12",2,"2016",7,4,"1","1","Liverpool","Chelsea"
1,"12",2,"2016",23,11,"3","0","Sunderland","Everton"
1,"12",2,"2016",27,6,"4","2","Norwich City","Watford"
1,"14",1,"2016",1,6,"2","0","Southampton","Watford"
1,"14",1,"2016",4,18,"2","2","Chelsea","West Bromwich Albion"
1,"14",1,"2016",5,8,"0","1","Tottenham Hotspur","Leicester City"
1,"14",1,"2016",7,20,"3","3","Liverpool","Arsenal"
1,"14",1,"2016",13,11,"0","0","Manchester City","Everton"
1,"14",1,"2016",17,23,"2","4","Swansea City","Sunderland"
1,"14",1,"2016",19,27,"3","1","Stoke City","Norwich City"
1,"14",3,"2016",2,11,"0","0","Crystal Palace","Everton"
1,"15",4,"2016",2,16,"1","2","Crystal Palace","Manchester United"
1,"15",4,"2016",5,26,"3","0","Tottenham Hotspur","Hull City"
1,"15",4,"2016",10,24,"1","0","West Ham United","Burnley"
1,"15",4,"2016",13,6,"2","0","Manchester City","Watford"
1,"15",4,"2016",18,17,"3","1","West Bromwich Albion","Swansea City"
1,"15",4,"2016",19,1,"0","0","Stoke City","Southampton"
1,"15",4,"2016",23,4,"0","1","Sunderland","Chelsea"
1,"15",4,"2016",25,7,"0","3","Middlesbrough","Liverpool"
1,"21",3,"2016",7,11,"4","0","Liverpool","Everton"
1,"21",3,"2016",10,6,"3","1","West Ham United","Watford"
1,"21",3,"2016",16,2,"2","0","Manchester United","Crystal Palace"
1,"29",4,"2016",1,5,"1","4","Southampton","Tottenham Hotspur"
1,"3",5,"2016",7,13,"3","0","Liverpool","Manchester City"
1,"3",5,"2016",10,5,"1","0","West Ham United","Tottenham Hotspur"
1,"3",5,"2016",16,6,"1","0","Manchester United","Watford"
1,"3",5,"2016",19,22,"1","0","Stoke City","Newcastle United"
1,"3",5,"2016",20,17,"1","2","Arsenal","Swansea City"
1,"4",6,"2016",6,4,"0","0","Watford","Chelsea"
1,"4",6,"2016",11,22,"3","0","Everton","Newcastle United"
2,"11",2,"2016",10,16,"3","2","West Ham United","Manchester United"
2,"13",1,"2016",3,10,"1","3","AFC Bournemouth","West Ham United"
2,"13",1,"2016",22,16,"3","3","Newcastle United","Manchester United"
2,"13",1,"2016",28,2,"1","0","Aston Villa","Crystal Palace"
2,"14",4,"2016",3,8,"1","0","AFC Bournemouth","Leicester City"
2,"14",4,"2016",11,20,"2","1","Everton","Arsenal"
2,"18",2,"2016",16,3,"3","1","Manchester United","AFC Bournemouth"
2,"2",5,"2016",3,1,"2","0","AFC Bournemouth","Southampton"
2,"2",5,"2016",8,18,"2","2","Leicester City","West Bromwich Albion"
2,"2",5,"2016",23,2,"2","2","Sunderland","Crystal Palace"
2,"2",5,"2016",27,4,"1","2","Norwich City","Chelsea"
2,"2",5,"2016",28,11,"1","3","Aston Villa","Everton"
2,"20",3,"2016",22,13,"1","1","Newcastle United","Manchester City"
2,"28",4,"2016",7,19,"4","1","Liverpool","Stoke City"
2,"3",6,"2016",2,3,"1","2","Crystal Palace","AFC Bournemouth"
2,"3",6,"2016",8,7,"2","0","Leicester City","Liverpool"
2,"3",6,"2016",10,28,"2","0","West Ham United","Aston Villa"
2,"3",6,"2016",16,19,"3","0","Manchester United","Stoke City"
2,"3",6,"2016",18,17,"1","1","West Bromwich Albion","Swansea City"
2,"3",6,"2016",20,1,"0","0","Arsenal","Southampton"
2,"3",6,"2016",23,13,"0","1","Sunderland","Manchester City"
2,"3",6,"2016",27,5,"0","3","Norwich City","Tottenham Hotspur"
3,"1",2,"2016",16,8,"1","1","Manchester United","Leicester City"
3,"1",2,"2016",17,7,"3","1","Swansea City","Liverpool"
3,"1",2,"2016",20,27,"1","0","Arsenal","Norwich City"
3,"10",3,"2016",13,18,"2","1","Manchester City","West Bromwich Albion"
3,"10",3,"2016",23,8,"0","2","Sunderland","Leicester City"
3,"11",4,"2016",1,25,"1","0","Southampton","Middlesbrough"
3,"11",4,"2016",4,18,"1","0","Chelsea","West Bromwich Albion"
3,"11",4,"2016",8,13,"4","2","Leicester City","Manchester City"
3,"11",4,"2016",16,5,"1","0","Manchester United","Tottenham Hotspur"
3,"11",4,"2016",17,23,"3","0","Swansea City","Sunderland"
3,"11",4,"2016",20,19,"3","1","Arsenal","Stoke City"
3,"11",4,"2016",24,3,"3","2","Burnley","AFC Bournemouth"
3,"11",4,"2016",26,2,"3","3","Hull City","Crystal Palace"
3,"11",9,"2016",7,8,"4","1","Liverpool","Leicester City"
3,"13",5,"2016",3,17,"3","2","AFC Bournemouth","Swansea City"
3,"13",5,"2016",19,1,"1","2","Stoke City","Southampton"
3,"14",6,"2016",2,6,"1","2","Crystal Palace","Watford"
3,"14",6,"2016",3,19,"1","3","AFC Bournemouth","Stoke City"
3,"14",6,"2016",4,22,"5","1","Chelsea","Newcastle United"
3,"14",6,"2016",11,18,"0","1","Everton","West Bromwich Albion"
3,"14",6,"2016",17,1,"0","1","Swansea City","Southampton"
3,"14",6,"2016",20,8,"2","1","Arsenal","Leicester City"
3,"14",6,"2016",27,10,"2","2","Norwich City","West Ham United"
3,"14",6,"2016",28,7,"0","6","Aston Villa","Liverpool"
3,"14",10,"2016",3,16,"1","3","AFC Bournemouth","Manchester United"
3,"14",10,"2016",13,23,"2","1","Manchester City","Sunderland"
3,"15",2,"2016",1,2,"4","1","Southampton","Crystal Palace"
3,"15",2,"2016",4,8,"1","1","Chelsea","Leicester City"
3,"15",2,"2016",6,23,"2","2","Watford","Sunderland"
3,"15",2,"2016",11,27,"3","0","Everton","Norwich City"
3,"15",2,"2016",17,13,"1","1","Swansea City","Manchester City"
3,"15",2,"2016",18,7,"1","1","West Bromwich Albion","Liverpool"
3,"15",2,"2016",19,10,"2","1","Stoke City","West Ham United"
3,"15",2,"2016",20,28,"4","0","Arsenal","Aston Villa"
3,"15",2,"2016",22,5,"5","1","Newcastle United","Tottenham Hotspur"
3,"16",8,"2016",2,10,"0","1","Crystal Palace","West Ham United"
3,"16",8,"2016",25,6,"0","1","Middlesbrough","Watford"
3,"17",1,"2016",1,18,"3","0","Southampton","West Bromwich Albion"
3,"17",1,"2016",3,27,"3","0","AFC Bournemouth","Norwich City"
3,"17",1,"2016",4,11,"3","3","Chelsea","Everton"
3,"17",1,"2016",7,16,"0","1","Liverpool","Manchester United"
3,"17",1,"2016",13,2,"4","0","Manchester City","Crystal Palace"
3,"17",1,"2016",22,10,"2","1","Newcastle United","West Ham United"
3,"17",1,"2016",28,8,"1","1","Aston Villa","Leicester City"
3,"17",3,"2016",3,7,"1","2","AFC Bournemouth","Liverpool"
3,"17",3,"2016",4,13,"0","3","Chelsea","Manchester City"
3,"17",3,"2016",8,10,"2","2","Leicester City","West Ham United"
3,"18",4,"2016",3,1,"1","3","AFC Bournemouth","Southampton"
3,"18",4,"2016",10,26,"1","0","West Ham United","Hull City"
3,"18",4,"2016",18,16,"0","2","West Bromwich Albion","Manchester United"
3,"18",4,"2016",19,8,"2","2","Stoke City","Leicester City"
3,"18",4,"2016",23,6,"1","0","Sunderland","Watford"
3,"18",4,"2016",25,17,"3","0","Middlesbrough","Swansea City"
3,"18",9,"2016",1,17,"1","0","Southampton","Swansea City"
3,"18",9,"2016",2,19,"4","1","Crystal Palace","Stoke City"
3,"18",9,"2016",6,16,"3","1","Watford","Manchester United"
3,"18",9,"2016",11,25,"3","1","Everton","Middlesbrough"
3,"2",8,"2016",5,13,"2","0","Tottenham Hotspur","Manchester City"
3,"2",8,"2016",8,1,"0","0","Leicester City","Southampton"
3,"2",8,"2016",16,19,"1","1","Manchester United","Stoke City"
3,"20",5,"2016",1,7,"3","2","Southampton","Liverpool"
3,"20",5,"2016",2,8,"0","1","Crystal Palace","Leicester City"
3,"20",5,"2016",4,10,"2","2","Chelsea","West Ham United"
3,"20",5,"2016",6,19,"1","2","Watford","Stoke City"
3,"20",5,"2016",17,28,"1","0","Swansea City","Aston Villa"
3,"20",5,"2016",18,27,"0","1","West Bromwich Albion","Norwich City"
3,"20",5,"2016",22,23,"1","1","Newcastle United","Sunderland"
3,"20",7,"2016",1,7,"0","0","Southampton","Liverpool"
3,"20",7,"2016",2,13,"1","2","Crystal Palace","Manchester City"
3,"20",7,"2016",5,10,"3","2","Tottenham Hotspur","West Ham United"
3,"20",7,"2016",6,8,"2","1","Watford","Leicester City"
3,"20",7,"2016",11,17,"1","1","Everton","Swansea City"
3,"20",7,"2016",19,3,"0","1","Stoke City","AFC Bournemouth"
3,"20",7,"2016",23,26,"3","0","Sunderland","Hull City"
3,"21",10,"2016",8,20,"0","0","Leicester City","Arsenal"
3,"21",10,"2016",23,25,"1","2","Sunderland","Middlesbrough"
3,"23",8,"2016",7,18,"2","1","Liverpool","West Bromwich Albion"
3,"23",8,"2016",13,1,"1","1","Manchester City","Southampton"
3,"24",1,"2016",2,5,"1","3","Crystal Palace","Tottenham Hotspur"
3,"24",1,"2016",6,22,"2","1","Watford","Newcastle United"
3,"24",1,"2016",8,19,"3","0","Leicester City","Stoke City"
3,"24",1,"2016",10,13,"2","2","West Ham United","Manchester City"
3,"24",1,"2016",11,17,"1","2","Everton","Swansea City"
3,"24",1,"2016",16,1,"0","1","Manchester United","Southampton"
3,"24",1,"2016",18,28,"0","0","West Bromwich Albion","Aston Villa"
3,"24",1,"2016",23,3,"1","1","Sunderland","AFC Bournemouth"
3,"24",3,"2016",23,20,"0","0","Sunderland","Arsenal"
3,"25",9,"2016",20,4,"3","0","Arsenal","Chelsea"
3,"27",7,"2016",4,5,"2","1","Chelsea","Tottenham Hotspur"
3,"27",7,"2016",6,19,"0","1","Watford","Stoke City"
3,"27",7,"2016",7,23,"2","0","Liverpool","Sunderland"
3,"27",7,"2016",8,25,"2","2","Leicester City","Middlesbrough"
3,"27",7,"2016",17,2,"5","4","Swansea City","Crystal Palace"
3,"27",7,"2016",20,3,"3","1","Arsenal","AFC Bournemouth"
3,"27",7,"2016",26,18,"1","1","Hull City","West Bromwich Albion"
3,"28",6,"2016",1,4,"1","2","Southampton","Chelsea"
3,"28",6,"2016",5,17,"2","1","Tottenham Hotspur","Swansea City"
3,"28",6,"2016",6,3,"0","0","Watford","AFC Bournemouth"
3,"28",6,"2016",8,27,"1","0","Leicester City","Norwich City"
3,"28",6,"2016",16,20,"3","2","Manchester United","Arsenal"
3,"28",6,"2016",18,2,"3","2","West Bromwich Albion","Crystal Palace"
3,"28",6,"2016",19,28,"2","1","Stoke City","Aston Villa"
3,"28",10,"2016",18,25,"0","0","West Bromwich Albion","Middlesbrough"
3,"28",10,"2016",26,16,"0","1","Hull City","Manchester United"
3,"3",1,"2016",2,4,"0","3","Crystal Palace","Chelsea"
3,"3",1,"2016",6,13,"1","2","Watford","Manchester City"
3,"3",1,"2016",8,3,"0","0","Leicester City","AFC Bournemouth"
3,"3",1,"2016",16,17,"2","1","Manchester United","Swansea City"
3,"3",1,"2016",18,19,"2","1","West Bromwich Albion","Stoke City"
3,"3",1,"2016",20,22,"1","0","Arsenal","Newcastle United"
3,"3",1,"2016",23,28,"3","1","Sunderland","Aston Villa"
3,"3",1,"2016",27,1,"1","0","Norwich City","Southampton"
3,"3",3,"2016",7,5,"1","1","Liverpool","Tottenham Hotspur"
3,"3",3,"2016",8,1,"1","0","Leicester City","Southampton"
3,"30",8,"2016",2,7,"2","4","Crystal Palace","Liverpool"
3,"30",8,"2016",11,10,"2","0","Everton","West Ham United"
3,"4",4,"2016",2,1,"3","0","Crystal Palace","Southampton"
3,"4",4,"2016",3,7,"4","3","AFC Bournemouth","Liverpool"
3,"4",4,"2016",5,17,"5","0","Tottenham Hotspur","Swansea City"
3,"4",4,"2016",10,20,"1","5","West Ham United","Arsenal"
3,"4",4,"2016",18,6,"3","1","West Bromwich Albion","Watford"
3,"4",4,"2016",19,24,"2","0","Stoke City","Burnley"
3,"4",4,"2016",23,8,"2","1","Sunderland","Leicester City"
3,"6",5,"2016",1,23,"1","1","Southampton","Sunderland"
3,"6",5,"2016",2,7,"1","2","Crystal Palace","Liverpool"
3,"6",5,"2016",4,19,"1","1","Chelsea","Stoke City"
3,"6",5,"2016",6,8,"0","1","Watford","Leicester City"
3,"6",5,"2016",11,10,"2","3","Everton","West Ham United"
3,"6",5,"2016",13,28,"4","0","Manchester City","Aston Villa"
3,"6",5,"2016",17,27,"1","0","Swansea City","Norwich City"
3,"6",5,"2016",22,3,"1","3","Newcastle United","AFC Bournemouth"
3,"6",7,"2016",3,23,"1","2","AFC Bournemouth","Sunderland"
3,"6",7,"2016",4,11,"5","0","Chelsea","Everton"
3,"6",7,"2016",7,6,"6","1","Liverpool","Watford"
3,"6",7,"2016",10,19,"1","1","West Ham United","Stoke City"
3,"6",7,"2016",13,25,"1","1","Manchester City","Middlesbrough"
3,"6",7,"2016",20,5,"1","1","Arsenal","Tottenham Hotspur"
3,"6",7,"2016",24,2,"3","2","Burnley","Crystal Palace"
3,"6",7,"2016",26,1,"2","1","Hull City","Southampton"
3,"7",6,"2016",1,10,"1","0","Southampton","West Ham United"
3,"7",6,"2016",3,20,"0","2","AFC Bournemouth","Arsenal"
3,"7",6,"2016",5,6,"1","0","Tottenham Hotspur","Watford"
3,"7",6,"2016",7,23,"2","2","Liverpool","Sunderland"
3,"7",6,"2016",17,2,"1","1","Swansea City","Crystal Palace"
3,"7",6,"2016",19,11,"0","3","Stoke City","Everton"
3,"7",6,"2016",22,18,"1","0","Newcastle United","West Bromwich Albion"
3,"7",6,"2016",28,27,"2","0","Aston Villa","Norwich City"
3,"8",2,"2016",5,1,"1","2","Tottenham Hotspur","Southampton"
3,"8",2,"2016",8,11,"3","1","Leicester City","Everton"
4,"11",3,"2016",5,16,"3","0","Tottenham Hotspur","Manchester United"
4,"11",3,"2016",7,19,"4","1","Liverpool","Stoke City"
4,"12",4,"2016",7,10,"2","2","Liverpool","West Ham United"
4,"12",9,"2016",17,4,"2","2","Swansea City","Chelsea"
4,"14",5,"2016",28,5,"0","2","Aston Villa","Tottenham Hotspur"
4,"15",6,"2016",13,5,"1","2","Manchester City","Tottenham Hotspur"
4,"15",10,"2016",20,7,"3","4","Arsenal","Liverpool"
4,"17",8,"2016",1,24,"3","1","Southampton","Burnley"
4,"18",1,"2016",19,20,"0","0","Stoke City","Arsenal"
4,"18",3,"2016",20,2,"1","1","Arsenal","Crystal Palace"
4,"19",4,"2016",5,24,"2","1","Tottenham Hotspur","Burnley"
4,"19",4,"2016",13,20,"2","1","Manchester City","Arsenal"
4,"19",9,"2016",5,23,"1","0","Tottenham Hotspur","Sunderland"
4,"2",2,"2016",1,13,"4","2","Southampton","Manchester City"
4,"21",5,"2016",5,3,"3","0","Tottenham Hotspur","AFC Bournemouth"
4,"21",5,"2016",13,16,"0","1","Manchester City","Manchester United"
4,"21",7,"2016",25,4,"0","1","Middlesbrough","Chelsea"
4,"22",10,"2016",10,3,"1","0","West Ham United","AFC Bournemouth"
4,"24",8,"2016",4,16,"4","0","Chelsea","Manchester United"
4,"25",1,"2016",20,4,"0","1","Arsenal","Chelsea"
4,"25",3,"2016",8,17,"4","0","Leicester City","Swansea City"
4,"26",4,"2016",6,2,"1","1","Watford","Crystal Palace"
4,"26",9,"2016",10,1,"0","3","West Ham United","Southampton"
4,"28",7,"2016",1,11,"1","0","Southampton","Everton"
4,"28",7,"2016",16,10,"1","1","Manchester United","West Ham United"
4,"29",10,"2016",13,10,"3","1","Manchester City","West Ham United"
4,"3",8,"2016",24,20,"0","1","Burnley","Arsenal"
4,"31",8,"2016",1,4,"0","2","Southampton","Chelsea"
4,"4",1,"2016",11,5,"1","1","Everton","Tottenham Hotspur"
4,"4",3,"2016",16,11,"1","0","Manchester United","Everton"
4,"5",4,"2016",11,16,"1","1","Everton","Manchester United"
4,"7",5,"2016",18,16,"1","0","West Bromwich Albion","Manchester United"
4,"7",7,"2016",8,18,"1","2","Leicester City","West Bromwich Albion"
4,"7",7,"2016",17,16,"1","3","Swansea City","Manchester United"
4,"8",6,"2016",4,16,"1","1","Chelsea","Manchester United"
4,"9",2,"2016",7,6,"2","0","Liverpool","Watford"
4,"9",2,"2016",13,20,"2","2","Manchester City","Arsenal"
5,"22",3,"2016",20,18,"2","0","Arsenal","West Bromwich Albion"
6,"1",8,"2016",6,3,"2","2","Watford","AFC Bournemouth"
6,"1",8,"2016",10,25,"1","1","West Ham United","Middlesbrough"
6,"1",8,"2016",11,2,"1","1","Everton","Crystal Palace"
6,"1",8,"2016",17,7,"1","2","Swansea City","Liverpool"
6,"1",8,"2016",23,18,"1","1","Sunderland","West Bromwich Albion"
6,"1",8,"2016",26,4,"0","2","Hull City","Chelsea"
6,"10",4,"2016",6,11,"3","2","Watford","Everton"
6,"10",9,"2016",3,18,"1","0","AFC Bournemouth","West Bromwich Albion"
6,"10",9,"2016",10,6,"2","4","West Ham United","Watford"
6,"10",9,"2016",16,13,"1","2","Manchester United","Manchester City"
6,"10",9,"2016",19,5,"0","4","Stoke City","Tottenham Hotspur"
6,"10",9,"2016",20,1,"2","1","Arsenal","Southampton"
6,"10",9,"2016",24,26,"1","1","Burnley","Hull City"
6,"10",9,"2016",25,2,"1","2","Middlesbrough","Crystal Palace"
6,"12",5,"2016",27,13,"0","0","Norwich City","Manchester City"
6,"13",6,"2016",23,16,"2","1","Sunderland","Manchester United"
6,"13",10,"2016",1,6,"1","1","Southampton","Watford"
6,"13",10,"2016",2,18,"0","1","Crystal Palace","West Bromwich Albion"
6,"13",10,"2016",11,5,"1","1","Everton","Tottenham Hotspur"
6,"13",10,"2016",24,17,"0","1","Burnley","Swansea City"
6,"13",10,"2016",25,19,"1","1","Middlesbrough","Stoke City"
6,"13",10,"2016",26,8,"2","1","Hull City","Leicester City"
6,"15",8,"2016",3,26,"6","1","AFC Bournemouth","Hull City"
6,"15",8,"2016",4,8,"3","0","Chelsea","Leicester City"
6,"15",8,"2016",13,11,"1","1","Manchester City","Everton"
6,"15",8,"2016",18,5,"1","1","West Bromwich Albion","Tottenham Hotspur"
6,"15",8,"2016",19,23,"2","0","Stoke City","Sunderland"
6,"15",8,"2016",20,17,"3","2","Arsenal","Swansea City"
6,"16",1,"2016",5,23,"4","1","Tottenham Hotspur","Sunderland"
6,"16",3,"2016",11,1,"1","1","Everton","Southampton"
6,"16",3,"2016",16,28,"1","0","Manchester United","Aston Villa"
6,"16",3,"2016",18,6,"0","1","West Bromwich Albion","Watford"
6,"16",3,"2016",22,17,"3","0","Newcastle United","Swansea City"
6,"16",3,"2016",27,23,"0","3","Norwich City","Sunderland"
6,"17",4,"2016",2,4,"0","1","Crystal Palace","Chelsea"
6,"17",9,"2016",4,7,"1","2","Chelsea","Liverpool"
6,"17",9,"2016",8,24,"3","0","Leicester City","Burnley"
6,"17",9,"2016",13,3,"4","0","Manchester City","AFC Bournemouth"
6,"17",9,"2016",18,10,"4","2","West Bromwich Albion","West Ham United"
6,"17",9,"2016",26,20,"1","4","Hull City","Arsenal"
6,"19",5,"2016",11,20,"0","2","Everton","Arsenal"
6,"19",7,"2016",16,20,"1","1","Manchester United","Arsenal"
6,"2",1,"2016",10,7,"2","0","West Ham United","Liverpool"
6,"2",3,"2016",3,13,"0","4","AFC Bournemouth","Manchester City"
6,"2",3,"2016",10,2,"2","2","West Ham United","Crystal Palace"
6,"2",3,"2016",19,17,"2","2","Stoke City","Swansea City"
6,"2",3,"2016",20,6,"4","0","Arsenal","Watford"
6,"2",3,"2016",23,18,"0","0","Sunderland","West Bromwich Albion"
6,"2",3,"2016",27,22,"3","2","Norwich City","Newcastle United"
6,"2",3,"2016",28,4,"0","4","Aston Villa","Chelsea"
6,"20",10,"2016",5,2,"1","0","Tottenham Hotspur","Crystal Palace"
6,"20",10,"2016",6,4,"1","2","Watford","Chelsea"
6,"20",10,"2016",16,1,"2","0","Manchester United","Southampton"
6,"20",10,"2016",17,26,"0","2","Swansea City","Hull City"
6,"20",10,"2016",18,11,"1","2","West Bromwich Albion","Everton"
6,"20",10,"2016",19,13,"1","4","Stoke City","Manchester City"
6,"20",10,"2016",24,7,"2","0","Burnley","Liverpool"
6,"22",8,"2016",3,5,"0","0","AFC Bournemouth","Tottenham Hotspur"
6,"22",8,"2016",8,2,"3","1","Leicester City","Crystal Palace"
6,"22",8,"2016",10,23,"1","0","West Ham United","Sunderland"
6,"22",8,"2016",17,6,"0","0","Swansea City","Watford"
6,"22",8,"2016",20,25,"0","0","Arsenal","Middlesbrough"
6,"22",8,"2016",24,11,"2","1","Burnley","Everton"
6,"22",8,"2016",26,19,"0","2","Hull City","Stoke City"
6,"23",1,"2016",27,7,"4","5","Norwich City","Liverpool"
6,"23",3,"2016",3,4,"1","4","AFC Bournemouth","Chelsea"
6,"23",3,"2016",7,22,"2","2","Liverpool","Newcastle United"
6,"23",3,"2016",13,19,"4","0","Manchester City","Stoke City"
6,"23",3,"2016",28,1,"2","4","Aston Villa","Southampton"
6,"24",9,"2016",3,11,"1","0","AFC Bournemouth","Everton"
6,"24",9,"2016",7,26,"5","1","Liverpool","Hull City"
6,"24",9,"2016",16,8,"4","1","Manchester United","Leicester City"
6,"24",9,"2016",17,13,"1","3","Swansea City","Manchester City"
6,"24",9,"2016",19,18,"1","1","Stoke City","West Bromwich Albion"
6,"24",9,"2016",23,2,"2","3","Sunderland","Crystal Palace"
6,"24",9,"2016",25,5,"1","2","Middlesbrough","Tottenham Hotspur"
6,"26",7,"2016",24,13,"1","2","Burnley","Manchester City"
6,"27",6,"2016",10,23,"1","0","West Ham United","Sunderland"
6,"27",10,"2016",1,23,"1","1","Southampton","Sunderland"
6,"27",10,"2016",2,3,"1","1","Crystal Palace","AFC Bournemouth"
6,"27",10,"2016",4,24,"3","0","Chelsea","Burnley"
6,"27",10,"2016",5,7,"1","1","Tottenham Hotspur","Liverpool"
6,"27",10,"2016",6,20,"1","3","Watford","Arsenal"
6,"27",10,"2016",8,17,"2","1","Leicester City","Swansea City"
6,"27",10,"2016",11,19,"1","0","Everton","Stoke City"
6,"29",8,"2016",5,8,"1","1","Tottenham Hotspur","Leicester City"
6,"29",8,"2016",6,26,"1","0","Watford","Hull City"
6,"29",8,"2016",16,24,"0","0","Manchester United","Burnley"
6,"29",8,"2016",18,13,"0","4","West Bromwich Albion","Manchester City"
6,"29",8,"2016",23,20,"1","4","Sunderland","Arsenal"
6,"29",8,"2016",25,3,"2","0","Middlesbrough","AFC Bournemouth"
6,"3",4,"2016",13,4,"1","3","Manchester City","Chelsea"
6,"30",3,"2016",6,28,"3","2","Watford","Aston Villa"
6,"30",3,"2016",11,3,"2","1","Everton","AFC Bournemouth"
6,"30",3,"2016",18,10,"0","3","West Bromwich Albion","West Ham United"
6,"30",3,"2016",19,23,"1","1","Stoke City","Sunderland"
6,"30",3,"2016",22,2,"1","0","Newcastle United","Crystal Palace"
6,"31",4,"2016",26,11,"2","2","Hull City","Everton"
6,"5",5,"2016",5,20,"2","2","Tottenham Hotspur","Arsenal"
6,"6",6,"2016",13,8,"1","3","Manchester City","Leicester City"
6,"7",2,"2016",2,19,"2","1","Crystal Palace","Stoke City"
6,"7",2,"2016",3,18,"1","1","AFC Bournemouth","West Bromwich Albion"
6,"7",2,"2016",10,17,"1","4","West Ham United","Swansea City"
6,"7",2,"2016",23,4,"3","2","Sunderland","Chelsea"
6,"7",2,"2016",27,16,"0","1","Norwich City","Manchester United"
6,"7",2,"2016",28,22,"0","0","Aston Villa","Newcastle United"
6,"9",3,"2016",1,22,"3","1","Southampton","Newcastle United"
6,"9",3,"2016",2,27,"1","0","Crystal Palace","Norwich City"
6,"9",3,"2016",6,11,"1","1","Watford","Everton"
6,"9",3,"2016",10,20,"3","3","West Ham United","Arsenal"
6,"9",3,"2016",17,4,"1","0","Swansea City","Chelsea"
6,"9",3,"2016",28,3,"1","2","Aston Villa","AFC Bournemouth"
7,"1",7,"2016",19,17,"3","1","Stoke City","Swansea City"
7,"13",9,"2016",23,11,"0","3","Sunderland","Everton"
7,"15",5,"2016",8,22,"1","0","Leicester City","Newcastle United"
7,"16",10,"2016",4,10,"2","1","Chelsea","West Ham United"
7,"18",8,"2016",7,16,"0","0","Liverpool","Manchester United"
7,"19",1,"2016",17,6,"1","0","Swansea City","Watford"
7,"19",3,"2016",19,5,"0","4","Stoke City","Tottenham Hotspur"
7,"20",4,"2016",11,7,"0","1","Everton","Liverpool"
7,"22",7,"2016",18,24,"4","0","West Bromwich Albion","Burnley"
7,"26",3,"2016",5,18,"1","1","Tottenham Hotspur","West Bromwich Albion"
7,"27",4,"2016",4,3,"3","0","Chelsea","AFC Bournemouth"
7,"27",4,"2016",8,11,"0","2","Leicester City","Everton"
7,"27",4,"2016",16,23,"3","1","Manchester United","Sunderland"
7,"27",4,"2016",17,10,"1","4","Swansea City","West Ham United"
7,"27",4,"2016",20,18,"1","0","Arsenal","West Bromwich Albion"
7,"27",4,"2016",24,25,"1","0","Burnley","Middlesbrough"
7,"27",4,"2016",26,13,"0","3","Hull City","Manchester City"
7,"27",9,"2016",24,6,"2","0","Burnley","Watford"
7,"3",2,"2016",4,5,"2","2","Chelsea","Tottenham Hotspur"
7,"6",4,"2016",25,26,"1","0","Middlesbrough","Hull City"
1,"11",2,"2017",1,20,"0","2","Southampton","Arsenal"
1,"14",4,"2017",1,8,"1","4","Southampton","Leicester City"
1,"14",4,"2017",5,15,"2","0","Tottenham Hotspur","Brighton and Hove Albion"
1,"14",4,"2017",7,18,"0","0","Liverpool","West Bromwich Albion"
1,"14",4,"2017",10,20,"0","0","West Ham United","Arsenal"
1,"14",4,"2017",16,3,"1","0","Manchester United","AFC Bournemouth"
1,"14",4,"2017",17,13,"0","4","Swansea City","Manchester City"
1,"14",4,"2017",22,11,"0","1","Newcastle United","Everton"
1,"18",2,"2017",1,16,"0","0","Southampton","Manchester United"
1,"2",6,"2017",10,13,"0","4","West Ham United","Manchester City"
1,"2",6,"2017",16,26,"0","0","Manchester United","Hull City"
1,"2",6,"2017",19,11,"1","1","Stoke City","Everton"
1,"27",3,"2017",2,5,"0","1","Crystal Palace","Tottenham Hotspur"
1,"27",3,"2017",20,8,"1","0","Arsenal","Leicester City"
1,"27",3,"2017",25,23,"1","0","Middlesbrough","Sunderland"
1,"28",4,"2017",22,13,"0","1","Newcastle United","Manchester City"
1,"30",7,"2017",3,24,"1","2","AFC Bournemouth","Burnley"
1,"30",7,"2017",4,17,"1","0","Chelsea","Swansea City"
1,"30",7,"2017",11,10,"4","0","Everton","West Ham United"
1,"30",7,"2017",13,1,"2","1","Manchester City","Southampton"
1,"30",7,"2017",19,7,"0","3","Stoke City","Liverpool"
1,"30",7,"2017",20,12,"5","0","Arsenal","Huddersfield Town"
1,"5",1,"2017",5,4,"2","0","Tottenham Hotspur","Chelsea"
1,"6",3,"2017",1,2,"3","1","Southampton","Crystal Palace"
1,"6",3,"2017",4,13,"2","1","Chelsea","Manchester City"
1,"6",3,"2017",7,3,"2","2","Liverpool","AFC Bournemouth"
1,"6",3,"2017",17,5,"1","3","Swansea City","Tottenham Hotspur"
1,"6",3,"2017",20,10,"3","0","Arsenal","West Ham United"
1,"6",3,"2017",26,25,"4","2","Hull City","Middlesbrough"
1,"9",5,"2017",13,19,"0","0","Manchester City","Stoke City"
2,"1",6,"2017",3,2,"0","2","AFC Bournemouth","Crystal Palace"
2,"1",6,"2017",7,4,"1","1","Liverpool","Chelsea"
2,"1",6,"2017",17,1,"2","1","Swansea City","Southampton"
2,"1",6,"2017",20,6,"1","2","Arsenal","Watford"
2,"1",6,"2017",23,5,"0","0","Sunderland","Tottenham Hotspur"
2,"1",6,"2017",24,8,"1","0","Burnley","Leicester City"
2,"1",6,"2017",25,18,"1","1","Middlesbrough","West Bromwich Albion"
2,"13",4,"2017",2,6,"2","1","Crystal Palace","Watford"
2,"13",4,"2017",12,4,"1","3","Huddersfield Town","Chelsea"
2,"13",4,"2017",24,19,"1","0","Burnley","Stoke City"
2,"17",2,"2017",13,18,"3","1","Manchester City","West Bromwich Albion"
2,"17",2,"2017",20,23,"2","0","Arsenal","Sunderland"
2,"26",3,"2017",4,1,"4","2","Chelsea","Southampton"
2,"27",4,"2017",3,10,"3","3","AFC Bournemouth","West Ham United"
2,"27",4,"2017",4,15,"2","0","Chelsea","Brighton and Hove Albion"
2,"27",4,"2017",6,8,"2","1","Watford","Leicester City"
2,"27",4,"2017",7,17,"5","0","Liverpool","Swansea City"
2,"27",4,"2017",12,19,"1","1","Huddersfield Town","Stoke City"
2,"27",4,"2017",16,24,"2","2","Manchester United","Burnley"
2,"27",4,"2017",18,11,"0","0","West Bromwich Albion","Everton"
2,"29",7,"2017",6,16,"2","4","Watford","Manchester United"
2,"29",7,"2017",8,5,"2","1","Leicester City","Tottenham Hotspur"
2,"29",7,"2017",15,2,"0","0","Brighton and Hove Albion","Crystal Palace"
2,"29",7,"2017",18,22,"2","2","West Bromwich Albion","Newcastle United"
2,"4",1,"2017",2,17,"1","2","Crystal Palace","Swansea City"
2,"4",1,"2017",3,20,"3","3","AFC Bournemouth","Arsenal"
2,"4",1,"2017",19,6,"2","0","Stoke City","Watford"
2,"5",3,"2017",6,18,"2","0","Watford","West Bromwich Albion"
2,"5",3,"2017",8,23,"2","0","Leicester City","Sunderland"
2,"5",3,"2017",16,11,"1","1","Manchester United","Everton"
2,"5",3,"2017",24,19,"1","0","Burnley","Stoke City"
3,"1",1,"2017",1,18,"1","2","Southampton","West Bromwich Albion"
3,"1",1,"2017",4,19,"4","2","Chelsea","Stoke City"
3,"1",1,"2017",6,5,"1","4","Watford","Tottenham Hotspur"
3,"1",1,"2017",7,13,"1","0","Liverpool","Manchester City"
3,"1",1,"2017",8,10,"1","0","Leicester City","West Ham United"
3,"1",1,"2017",16,25,"2","1","Manchester United","Middlesbrough"
3,"1",1,"2017",17,3,"0","3","Swansea City","AFC Bournemouth"
3,"1",1,"2017",24,23,"4","1","Burnley","Sunderland"
3,"1",8,"2017",4,13,"0","1","Chelsea","Manchester City"
3,"1",8,"2017",11,24,"0","1","Everton","Burnley"
3,"1",8,"2017",20,15,"2","0","Arsenal","Brighton and Hove Albion"
3,"10",4,"2017",1,20,"1","1","Southampton","Arsenal"
3,"10",4,"2017",2,3,"2","2","Crystal Palace","AFC Bournemouth"
3,"10",4,"2017",5,19,"5","1","Tottenham Hotspur","Stoke City"
3,"10",4,"2017",7,11,"1","1","Liverpool","Everton"
3,"10",4,"2017",12,15,"2","0","Huddersfield Town","Brighton and Hove Albion"
3,"10",4,"2017",17,18,"1","0","Swansea City","West Bromwich Albion"
3,"10",4,"2017",22,8,"2","3","Newcastle United","Leicester City"
3,"10",4,"2017",24,6,"1","0","Burnley","Watford"
3,"10",9,"2017",19,16,"2","2","Stoke City","Manchester United"
3,"10",9,"2017",24,2,"1","0","Burnley","Crystal Palace"
3,"12",5,"2017",3,10,"3","2","AFC Bournemouth","West Ham United"
3,"12",5,"2017",11,18,"3","0","Everton","West Bromwich Albion"
3,"12",5,"2017",26,17,"2","1","Hull City","Swansea City"
3,"12",6,"2017",7,5,"2","0","Liverpool","Tottenham Hotspur"
3,"12",6,"2017",10,18,"2","2","West Ham United","West Bromwich Albion"
3,"12",6,"2017",16,6,"2","0","Manchester United","Watford"
3,"12",6,"2017",19,2,"1","0","Stoke City","Crystal Palace"
3,"12",6,"2017",23,1,"0","4","Sunderland","Southampton"
3,"12",6,"2017",24,4,"1","1","Burnley","Chelsea"
3,"12",6,"2017",25,11,"0","0","Middlesbrough","Everton"
3,"13",10,"2017",15,13,"0","2","Brighton and Hove Albion","Manchester City"
3,"13",10,"2017",22,5,"0","2","Newcastle United","Tottenham Hotspur"
3,"14",2,"2017",2,26,"4","0","Crystal Palace","Hull City"
3,"14",2,"2017",10,7,"0","4","West Ham United","Liverpool"
3,"14",2,"2017",19,20,"1","4","Stoke City","Arsenal"
3,"15",1,"2017",6,25,"0","0","Watford","Middlesbrough"
3,"15",1,"2017",8,4,"0","3","Leicester City","Chelsea"
3,"15",1,"2017",10,2,"3","0","West Ham United","Crystal Palace"
3,"15",1,"2017",11,13,"4","0","Everton","Manchester City"
3,"15",1,"2017",17,20,"0","4","Swansea City","Arsenal"
3,"15",1,"2017",23,19,"1","3","Sunderland","Stoke City"
3,"15",1,"2017",24,1,"1","0","Burnley","Southampton"
3,"15",1,"2017",26,3,"3","1","Hull City","AFC Bournemouth"
3,"15",8,"2017",6,20,"2","1","Watford","Arsenal"
3,"15",8,"2017",15,11,"1","1","Brighton and Hove Albion","Everton"
3,"16",3,"2017",1,13,"0","3","Southampton","Manchester City"
3,"16",3,"2017",18,7,"0","1","West Bromwich Albion","Liverpool"
3,"17",4,"2017",4,1,"1","0","Chelsea","Southampton"
3,"17",4,"2017",6,12,"1","4","Watford","Huddersfield Town"
3,"17",4,"2017",13,5,"4","1","Manchester City","Tottenham Hotspur"
3,"17",4,"2017",15,24,"0","0","Brighton and Hove Albion","Burnley"
3,"17",4,"2017",18,16,"1","2","West Bromwich Albion","Manchester United"
3,"17",4,"2017",19,10,"0","3","Stoke City","West Ham United"
3,"17",4,"2017",20,22,"1","0","Arsenal","Newcastle United"
3,"17",9,"2017",4,20,"0","0","Chelsea","Arsenal"
3,"17",9,"2017",5,17,"0","0","Tottenham Hotspur","Swansea City"
3,"19",5,"2017",2,6,"1","0","Crystal Palace","Watford"
3,"19",5,"2017",3,17,"2","0","AFC Bournemouth","Swansea City"
3,"19",5,"2017",5,1,"2","1","Tottenham Hotspur","Southampton"
3,"19",5,"2017",10,8,"2","3","West Ham United","Leicester City"
3,"19",5,"2017",11,26,"4","0","Everton","Hull City"
3,"19",5,"2017",19,4,"1","2","Stoke City","Chelsea"
3,"19",5,"2017",23,24,"0","0","Sunderland","Burnley"
3,"19",5,"2017",25,16,"1","3","Middlesbrough","Manchester United"
3,"19",7,"2017",2,11,"2","2","Crystal Palace","Everton"
3,"19",7,"2017",3,12,"4","0","AFC Bournemouth","Huddersfield Town"
3,"19",7,"2017",7,1,"3","0","Liverpool","Southampton"
3,"19",7,"2017",8,13,"0","2","Leicester City","Manchester City"
3,"19",7,"2017",16,22,"4","1","Manchester United","Newcastle United"
3,"19",7,"2017",18,4,"0","4","West Bromwich Albion","Chelsea"
3,"19",7,"2017",24,17,"2","0","Burnley","Swansea City"
3,"2",3,"2017",1,3,"0","0","Southampton","AFC Bournemouth"
3,"2",3,"2017",17,25,"0","0","Swansea City","Middlesbrough"
3,"20",10,"2017",12,22,"1","0","Huddersfield Town","Newcastle United"
3,"20",10,"2017",19,20,"1","0","Stoke City","Arsenal"
3,"21",2,"2017",1,19,"0","1","Southampton","Stoke City"
3,"21",2,"2017",4,23,"5","1","Chelsea","Sunderland"
3,"21",2,"2017",6,13,"0","5","Watford","Manchester City"
3,"21",2,"2017",7,25,"3","0","Liverpool","Middlesbrough"
3,"21",2,"2017",8,3,"1","1","Leicester City","AFC Bournemouth"
3,"21",2,"2017",16,2,"2","0","Manchester United","Crystal Palace"
3,"21",2,"2017",17,18,"2","1","Swansea City","West Bromwich Albion"
3,"21",2,"2017",20,11,"3","1","Arsenal","Everton"
3,"21",2,"2017",24,10,"1","2","Burnley","West Ham United"
3,"21",2,"2017",26,5,"1","7","Hull City","Tottenham Hotspur"
3,"22",1,"2017",1,8,"3","0","Southampton","Leicester City"
3,"22",1,"2017",2,11,"0","1","Crystal Palace","Everton"
3,"22",1,"2017",3,6,"2","2","AFC Bournemouth","Watford"
3,"22",1,"2017",13,5,"2","2","Manchester City","Tottenham Hotspur"
3,"22",1,"2017",18,23,"2","0","West Bromwich Albion","Sunderland"
3,"22",1,"2017",19,16,"1","1","Stoke City","Manchester United"
3,"22",1,"2017",20,24,"2","1","Arsenal","Burnley"
3,"22",1,"2017",25,10,"1","3","Middlesbrough","West Ham United"
3,"22",8,"2017",1,18,"1","0","Southampton","West Bromwich Albion"
3,"22",8,"2017",11,20,"2","5","Everton","Arsenal"
3,"23",3,"2017",24,16,"0","2","Burnley","Manchester United"
3,"24",4,"2017",1,12,"1","1","Southampton","Huddersfield Town"
3,"24",4,"2017",8,16,"2","2","Leicester City","Manchester United"
3,"24",4,"2017",10,22,"2","3","West Ham United","Newcastle United"
3,"24",4,"2017",13,3,"4","0","Manchester City","AFC Bournemouth"
3,"24",4,"2017",15,6,"1","0","Brighton and Hove Albion","Watford"
3,"24",4,"2017",17,2,"1","1","Swansea City","Crystal Palace"
3,"24",4,"2017",19,18,"3","1","Stoke City","West Bromwich Albion"
3,"24",4,"2017",24,5,"0","3","Burnley","Tottenham Hotspur"
3,"24",9,"2017",8,7,"2","3","Leicester City","Liverpool"
3,"26",6,"2017",2,25,"1","0","Crystal Palace","Middlesbrough"
3,"26",6,"2017",4,17,"3","1","Chelsea","Swansea City"
3,"26",6,"2017",5,19,"4","0","Tottenham Hotspur","Stoke City"
3,"26",6,"2017",6,10,"1","1","Watford","West Ham United"
3,"26",6,"2017",11,23,"2","0","Everton","Sunderland"
3,"26",6,"2017",18,3,"2","1","West Bromwich Albion","AFC Bournemouth"
3,"26",6,"2017",26,24,"1","1","Hull City","Burnley"
3,"26",7,"2017",1,11,"4","1","Southampton","Everton"
3,"26",7,"2017",2,19,"2","1","Crystal Palace","Stoke City"
3,"26",7,"2017",5,18,"1","1","Tottenham Hotspur","West Bromwich Albion"
3,"26",7,"2017",7,4,"1","1","Liverpool","Chelsea"
3,"26",7,"2017",16,15,"1","0","Manchester United","Brighton and Hove Albion"
3,"26",7,"2017",17,3,"0","0","Swansea City","AFC Bournemouth"
3,"26",7,"2017",22,6,"0","3","Newcastle United","Watford"
3,"26",7,"2017",24,20,"0","1","Burnley","Arsenal"
3,"27",10,"2017",4,11,"2","0","Chelsea","Everton"
3,"27",10,"2017",16,8,"2","0","Manchester United","Leicester City"
3,"27",10,"2017",18,19,"1","1","West Bromwich Albion","Stoke City"
3,"29",8,"2017",3,4,"0","1","AFC Bournemouth","Chelsea"
3,"29",8,"2017",15,1,"1","1","Brighton and Hove Albion","Southampton"
3,"3",4,"2017",3,1,"1","1","AFC Bournemouth","Southampton"
3,"3",4,"2017",6,5,"1","1","Watford","Tottenham Hotspur"
3,"3",4,"2017",8,24,"1","0","Leicester City","Burnley"
3,"3",4,"2017",11,12,"2","0","Everton","Huddersfield Town"
3,"3",4,"2017",15,7,"1","5","Brighton and Hove Albion","Liverpool"
3,"3",4,"2017",18,2,"0","0","West Bromwich Albion","Crystal Palace"
3,"3",4,"2017",19,17,"2","1","Stoke City","Swansea City"
3,"3",4,"2017",20,16,"1","3","Arsenal","Manchester United"
3,"30",3,"2017",2,24,"0","2","Crystal Palace","Burnley"
3,"30",3,"2017",11,4,"0","3","Everton","Chelsea"
3,"30",3,"2017",16,17,"1","1","Manchester United","Swansea City"
3,"30",3,"2017",25,13,"2","2","Middlesbrough","Manchester City"
3,"31",4,"2017",2,13,"0","0","Crystal Palace","Manchester City"
3,"31",4,"2017",3,11,"2","1","AFC Bournemouth","Everton"
3,"31",4,"2017",4,19,"5","0","Chelsea","Stoke City"
3,"31",4,"2017",6,17,"1","2","Watford","Swansea City"
3,"31",4,"2017",7,8,"2","1","Liverpool","Leicester City"
3,"31",4,"2017",12,24,"0","0","Huddersfield Town","Burnley"
3,"31",4,"2017",16,1,"0","0","Manchester United","Southampton"
3,"31",4,"2017",22,15,"0","0","Newcastle United","Brighton and Hove Albion"
3,"5",5,"2017",5,11,"3","2","Tottenham Hotspur","Everton"
3,"5",5,"2017",6,1,"3","4","Watford","Southampton"
3,"5",5,"2017",7,20,"3","1","Liverpool","Arsenal"
3,"5",5,"2017",8,26,"3","1","Leicester City","Hull City"
3,"5",5,"2017",17,24,"3","2","Swansea City","Burnley"
3,"5",5,"2017",18,2,"0","2","West Bromwich Albion","Crystal Palace"
3,"5",5,"2017",19,25,"2","0","Stoke City","Middlesbrough"
3,"5",6,"2017",1,10,"1","3","Southampton","West Ham United"
3,"5",6,"2017",2,23,"0","4","Crystal Palace","Sunderland"
3,"5",6,"2017",5,25,"1","0","Tottenham Hotspur","Middlesbrough"
3,"5",6,"2017",6,24,"2","1","Watford","Burnley"
3,"5",6,"2017",11,3,"6","3","Everton","AFC Bournemouth"
3,"5",6,"2017",13,17,"2","1","Manchester City","Swansea City"
3,"5",6,"2017",18,19,"1","0","West Bromwich Albion","Stoke City"
3,"5",6,"2017",26,7,"2","0","Hull City","Liverpool"
3,"5",7,"2017",1,24,"0","1","Southampton","Burnley"
3,"5",7,"2017",5,2,"1","0","Tottenham Hotspur","Crystal Palace"
3,"5",7,"2017",10,7,"1","4","West Ham United","Liverpool"
3,"5",7,"2017",12,18,"1","0","Huddersfield Town","West Bromwich Albion"
3,"5",7,"2017",13,20,"3","1","Manchester City","Arsenal"
3,"5",7,"2017",17,15,"0","1","Swansea City","Brighton and Hove Albion"
3,"5",7,"2017",22,3,"0","1","Newcastle United","AFC Bournemouth"
3,"7",2,"2017",7,1,"0","0","Liverpool","Southampton"
3,"7",2,"2017",17,11,"1","0","Swansea City","Everton"
3,"9",3,"2017",3,4,"1","3","AFC Bournemouth","Chelsea"
3,"9",3,"2017",23,16,"0","3","Sunderland","Manchester United"
4,"1",2,"2017",5,20,"2","0","Tottenham Hotspur","Arsenal"
4,"10",3,"2017",11,8,"4","2","Everton","Leicester City"
4,"11",4,"2017",16,13,"1","2","Manchester United","Manchester City"
4,"11",9,"2017",17,22,"0","1","Swansea City","Newcastle United"
4,"13",5,"2017",7,24,"2","1","Liverpool","Burnley"
4,"13",6,"2017",17,8,"2","0","Swansea City","Leicester City"
4,"14",10,"2017",16,10,"4","0","Manchester United","West Ham United"
4,"15",2,"2017",5,16,"2","1","Tottenham Hotspur","Manchester United"
4,"16",1,"2017",16,7,"1","1","Manchester United","Liverpool"
4,"16",8,"2017",1,22,"2","2","Southampton","Newcastle United"
4,"17",3,"2017",16,4,"2","0","Manchester United","Chelsea"
4,"18",4,"2017",3,7,"0","4","AFC Bournemouth","Liverpool"
4,"18",9,"2017",16,11,"4","0","Manchester United","Everton"
4,"2",1,"2017",20,2,"2","0","Arsenal","Crystal Palace"
4,"2",1,"2017",25,8,"0","0","Middlesbrough","Leicester City"
4,"2",8,"2017",22,7,"1","1","Newcastle United","Liverpool"
4,"20",5,"2017",13,7,"1","1","Manchester City","Liverpool"
4,"20",7,"2017",6,10,"2","0","Watford","West Ham United"
4,"21",10,"2017",5,4,"1","2","Tottenham Hotspur","Chelsea"
4,"23",1,"2017",4,26,"2","0","Chelsea","Hull City"
4,"23",8,"2017",5,7,"4","1","Tottenham Hotspur","Liverpool"
4,"24",3,"2017",7,2,"1","2","Liverpool","Crystal Palace"
4,"25",9,"2017",15,22,"1","0","Brighton and Hove Albion","Newcastle United"
4,"27",7,"2017",12,13,"1","2","Huddersfield Town","Manchester City"
4,"28",10,"2017",5,24,"1","1","Tottenham Hotspur","Burnley"
4,"28",10,"2017",7,20,"4","0","Liverpool","Arsenal"
4,"3",3,"2017",20,13,"2","2","Arsenal","Manchester City"
4,"30",8,"2017",8,11,"2","0","Leicester City","Everton"
4,"4",4,"2017",13,10,"2","1","Manchester City","West Ham United"
4,"6",5,"2017",23,13,"0","2","Sunderland","Manchester City"
4,"6",6,"2017",8,16,"0","3","Leicester City","Manchester United"
4,"6",7,"2017",4,16,"1","0","Chelsea","Manchester United"
4,"6",7,"2017",11,6,"3","2","Everton","Watford"
4,"8",2,"2017",20,16,"2","0","Arsenal","Manchester United"
5,"19",2,"2017",8,5,"1","6","Leicester City","Tottenham Hotspur"
5,"28",3,"2017",13,16,"0","0","Manchester City","Manchester United"
5,"29",4,"2017",2,20,"2","3","Crystal Palace","Arsenal"
6,"1",3,"2017",4,2,"1","2","Chelsea","Crystal Palace"
6,"1",3,"2017",6,23,"1","0","Watford","Sunderland"
6,"1",3,"2017",7,11,"3","1","Liverpool","Everton"
6,"1",3,"2017",8,19,"2","0","Leicester City","Stoke City"
6,"1",3,"2017",16,18,"0","0","Manchester United","West Bromwich Albion"
6,"1",3,"2017",24,5,"0","2","Burnley","Tottenham Hotspur"
6,"1",3,"2017",26,10,"2","1","Hull City","West Ham United"
6,"11",6,"2017",20,26,"2","0","Arsenal","Hull City"
6,"12",10,"2017",1,17,"0","0","Southampton","Swansea City"
6,"12",10,"2017",2,12,"0","3","Crystal Palace","Huddersfield Town"
6,"12",10,"2017",4,24,"2","3","Chelsea","Burnley"
6,"12",10,"2017",6,7,"3","3","Watford","Liverpool"
6,"12",10,"2017",11,19,"1","0","Everton","Stoke City"
6,"12",10,"2017",18,3,"1","0","West Bromwich Albion","AFC Bournemouth"
6,"12",10,"2017",20,8,"4","3","Arsenal","Leicester City"
6,"13",2,"2017",3,24,"2","1","AFC Bournemouth","Burnley"
6,"13",2,"2017",11,6,"1","0","Everton","Watford"
6,"13",2,"2017",13,8,"2","1","Manchester City","Leicester City"
6,"13",2,"2017",18,4,"0","1","West Bromwich Albion","Chelsea"
6,"13",2,"2017",23,17,"0","2","Sunderland","Swansea City"
6,"13",2,"2017",25,1,"1","2","Middlesbrough","Southampton"
6,"14",1,"2017",5,18,"4","0","Tottenham Hotspur","West Bromwich Albion"
6,"14",8,"2017",2,4,"2","1","Crystal Palace","Chelsea"
6,"14",8,"2017",5,3,"1","0","Tottenham Hotspur","AFC Bournemouth"
6,"14",8,"2017",7,16,"0","0","Liverpool","Manchester United"
6,"14",8,"2017",13,19,"7","2","Manchester City","Stoke City"
6,"14",8,"2017",17,12,"2","0","Swansea City","Huddersfield Town"
6,"14",8,"2017",24,10,"1","1","Burnley","West Ham United"
6,"15",3,"2017",2,8,"2","2","Crystal Palace","Leicester City"
6,"15",3,"2017",5,3,"4","0","Tottenham Hotspur","AFC Bournemouth"
6,"15",3,"2017",6,17,"1","0","Watford","Swansea City"
6,"15",3,"2017",11,24,"3","1","Everton","Burnley"
6,"15",3,"2017",19,26,"3","1","Stoke City","Hull City"
6,"15",3,"2017",23,10,"2","2","Sunderland","West Ham United"
6,"16",4,"2017",8,2,"0","3","Leicester City","Crystal Palace"
6,"16",9,"2017",2,1,"0","1","Crystal Palace","Southampton"
6,"16",9,"2017",3,15,"2","1","AFC Bournemouth","Brighton and Hove Albion"
6,"16",9,"2017",6,13,"0","6","Watford","Manchester City"
6,"16",9,"2017",7,24,"1","1","Liverpool","Burnley"
6,"16",9,"2017",12,8,"1","1","Huddersfield Town","Leicester City"
6,"16",9,"2017",18,10,"0","0","West Bromwich Albion","West Ham United"
6,"16",9,"2017",22,19,"2","1","Newcastle United","Stoke City"
6,"18",5,"2017",18,20,"3","1","West Bromwich Albion","Arsenal"
6,"18",7,"2017",20,5,"2","0","Arsenal","Tottenham Hotspur"
6,"19",10,"2017",1,10,"3","2","Southampton","West Ham United"
6,"19",10,"2017",3,6,"0","2","AFC Bournemouth","Watford"
6,"19",10,"2017",7,2,"1","0","Liverpool","Crystal Palace"
6,"19",10,"2017",8,15,"2","0","Leicester City","Brighton and Hove Albion"
6,"19",10,"2017",17,16,"0","4","Swansea City","Manchester United"
6,"19",10,"2017",24,18,"0","1","Burnley","West Bromwich Albion"
6,"2",4,"2017",4,22,"3","1","Chelsea","Newcastle United"
6,"21",1,"2017",7,17,"2","3","Liverpool","Swansea City"
6,"21",8,"2017",4,6,"4","2","Chelsea","Watford"
6,"21",8,"2017",10,15,"0","3","West Ham United","Brighton and Hove Albion"
6,"21",8,"2017",12,16,"2","1","Huddersfield Town","Manchester United"
6,"21",8,"2017",13,24,"3","0","Manchester City","Burnley"
6,"21",8,"2017",17,8,"1","2","Swansea City","Leicester City"
6,"21",8,"2017",19,3,"1","2","Stoke City","AFC Bournemouth"
6,"21",8,"2017",22,2,"1","0","Newcastle United","Crystal Palace"
6,"22",3,"2017",3,25,"4","0","AFC Bournemouth","Middlesbrough"
6,"22",3,"2017",10,11,"0","0","West Ham United","Everton"
6,"22",3,"2017",17,19,"2","0","Swansea City","Stoke City"
6,"22",3,"2017",26,6,"2","0","Hull City","Watford"
6,"23",4,"2017",11,4,"0","0","Everton","Chelsea"
6,"23",4,"2017",20,7,"3","3","Arsenal","Liverpool"
6,"23",9,"2017",1,16,"0","1","Southampton","Manchester United"
6,"23",9,"2017",10,5,"2","3","West Ham United","Tottenham Hotspur"
6,"23",9,"2017",11,3,"2","1","Everton","AFC Bournemouth"
6,"23",9,"2017",13,2,"5","0","Manchester City","Crystal Palace"
6,"23",9,"2017",17,6,"1","2","Swansea City","Watford"
6,"23",9,"2017",19,4,"0","4","Stoke City","Chelsea"
6,"23",9,"2017",24,12,"0","0","Burnley","Huddersfield Town"
6,"25",7,"2017",10,8,"1","1","West Ham United","Leicester City"
6,"26",10,"2017",2,17,"0","2","Crystal Palace","Swansea City"
6,"26",10,"2017",3,13,"1","2","AFC Bournemouth","Manchester City"
6,"26",10,"2017",6,15,"0","0","Watford","Brighton and Hove Albion"
6,"26",10,"2017",12,1,"0","0","Huddersfield Town","Southampton"
6,"26",10,"2017",22,10,"3","0","Newcastle United","West Ham United"
6,"28",8,"2017",2,10,"2","2","Crystal Palace","West Ham United"
6,"28",8,"2017",6,19,"0","1","Watford","Stoke City"
6,"28",8,"2017",7,12,"3","0","Liverpool","Huddersfield Town"
6,"28",8,"2017",16,5,"1","0","Manchester United","Tottenham Hotspur"
6,"28",8,"2017",18,13,"2","3","West Bromwich Albion","Manchester City"
6,"28",8,"2017",20,17,"2","1","Arsenal","Swansea City"
6,"29",3,"2017",1,26,"0","0","Southampton","Hull City"
6,"29",3,"2017",18,8,"0","1","West Bromwich Albion","Leicester City"
6,"29",3,"2017",19,10,"0","0","Stoke City","West Ham United"
6,"29",3,"2017",23,3,"0","1","Sunderland","AFC Bournemouth"
6,"30",9,"2017",3,8,"0","0","AFC Bournemouth","Leicester City"
6,"30",9,"2017",10,17,"1","0","West Ham United","Swansea City"
6,"30",9,"2017",12,5,"0","4","Huddersfield Town","Tottenham Hotspur"
6,"30",9,"2017",16,2,"4","0","Manchester United","Crystal Palace"
6,"30",9,"2017",18,6,"2","2","West Bromwich Albion","Watford"
6,"30",9,"2017",19,1,"2","1","Stoke City","Southampton"
6,"4",5,"2017",16,3,"1","1","Manchester United","AFC Bournemouth"
6,"4",6,"2017",4,20,"3","1","Chelsea","Arsenal"
6,"4",7,"2017",19,8,"2","2","Stoke City","Leicester City"
6,"6",2,"2017",3,19,"2","2","AFC Bournemouth","Stoke City"
6,"6",2,"2017",8,6,"3","0","Leicester City","Watford"
6,"6",2,"2017",10,5,"1","0","West Ham United","Tottenham Hotspur"
6,"6",2,"2017",13,2,"5","0","Manchester City","Crystal Palace"
6,"6",2,"2017",24,18,"2","2","Burnley","West Bromwich Albion"
6,"6",2,"2017",26,23,"0","2","Hull City","Sunderland"
6,"8",3,"2017",5,6,"4","0","Tottenham Hotspur","Watford"
6,"8",3,"2017",10,17,"1","0","West Ham United","Swansea City"
6,"8",3,"2017",13,26,"3","1","Manchester City","Hull City"
6,"8",3,"2017",18,1,"0","1","West Bromwich Albion","Southampton"
6,"8",3,"2017",19,7,"1","2","Stoke City","Liverpool"
6,"8",3,"2017",25,24,"0","0","Middlesbrough","Burnley"
6,"9",4,"2017",10,4,"1","0","West Ham United","Chelsea"
6,"9",9,"2017",1,6,"0","2","Southampton","Watford"
6,"9",9,"2017",8,4,"1","2","Leicester City","Chelsea"
6,"9",9,"2017",11,5,"0","3","Everton","Tottenham Hotspur"
6,"9",9,"2017",13,7,"5","0","Manchester City","Liverpool"
6,"9",9,"2017",15,18,"3","1","Brighton and Hove Albion","West Bromwich Albion"
6,"9",9,"2017",20,3,"3","0","Arsenal","AFC Bournemouth"
7,"11",3,"2017",2,20,"3","0","Crystal Palace","Arsenal"
7,"12",9,"2017",10,12,"2","0","West Ham United","Huddersfield Town"
7,"14",6,"2017",3,13,"0","2","AFC Bournemouth","Manchester City"
7,"16",2,"2017",4,6,"4","3","Chelsea","Watford"
7,"17",8,"2017",8,18,"1","1","Leicester City","West Bromwich Albion"
7,"18",3,"2017",25,20,"1","2","Middlesbrough","Arsenal"
7,"19",4,"2017",11,17,"3","1","Everton","Swansea City"
7,"2",2,"2017",6,7,"0","1","Watford","Liverpool"
7,"21",7,"2017",15,19,"2","2","Brighton and Hove Albion","Stoke City"
7,"22",10,"2017",13,11,"1","1","Manchester City","Everton"
7,"26",4,"2017",5,1,"5","2","Tottenham Hotspur","Southampton"
7,"26",9,"2017",20,18,"2","0","Arsenal","West Bromwich Albion"
7,"28",6,"2017",8,7,"3","1","Leicester City","Liverpool"
7,"3",1,"2017",10,16,"0","2","West Ham United","Manchester United"
7,"3",1,"2017",11,1,"3","0","Everton","Southampton"
7,"3",1,"2017",13,24,"2","1","Manchester City","Burnley"
7,"3",1,"2017",18,26,"3","1","West Bromwich Albion","Hull City"
7,"3",1,"2017",23,7,"2","2","Sunderland","Liverpool"
7,"31",8,"2017",24,22,"1","0","Burnley","Newcastle United"
7,"7",5,"2017",10,4,"1","2","West Ham United","Chelsea"
7,"9",2,"2017",4,25,"3","0","Chelsea","Middlesbrough"
1,"1",6,"2018",1,15,"1","1","Southampton","Brighton and Hove Albion"
1,"1",6,"2018",4,3,"0","3","Chelsea","AFC Bournemouth"
1,"1",6,"2018",5,16,"2","0","Tottenham Hotspur","Manchester United"
1,"1",6,"2018",11,8,"2","1","Everton","Leicester City"
1,"1",6,"2018",13,18,"3","0","Manchester City","West Bromwich Albion"
1,"1",6,"2018",19,6,"0","0","Stoke City","Watford"
1,"1",6,"2018",22,24,"1","1","Newcastle United","Burnley"
1,"10",2,"2018",4,12,"1","1","Chelsea","Huddersfield Town"
1,"10",2,"2018",5,22,"1","0","Tottenham Hotspur","Newcastle United"
1,"10",2,"2018",8,20,"3","1","Leicester City","Arsenal"
1,"10",2,"2018",13,15,"3","1","Manchester City","Brighton and Hove Albion"
1,"19",3,"2018",3,16,"0","2","AFC Bournemouth","Manchester United"
1,"27",4,"2018",2,21,"0","0","Crystal Palace","Cardiff City"
1,"27",4,"2018",5,3,"5","0","Tottenham Hotspur","AFC Bournemouth"
1,"27",4,"2018",6,4,"1","2","Watford","Chelsea"
1,"27",4,"2018",7,22,"4","0","Liverpool","Newcastle United"
1,"27",4,"2018",8,13,"2","1","Leicester City","Manchester City"
1,"27",4,"2018",15,20,"1","1","Brighton and Hove Albion","Arsenal"
1,"27",4,"2018",16,12,"3","1","Manchester United","Huddersfield Town"
1,"27",4,"2018",24,11,"1","5","Burnley","Everton"
1,"4",1,"2018",20,4,"2","2","Arsenal","Chelsea"
1,"6",4,"2018",5,1,"3","1","Tottenham Hotspur","Southampton"
1,"6",4,"2018",9,4,"2","1","Wolverhampton Wanderers","Chelsea"
1,"6",4,"2018",11,22,"1","1","Everton","Newcastle United"
1,"6",4,"2018",14,8,"1","1","Fulham","Leicester City"
1,"6",4,"2018",16,20,"2","2","Manchester United","Arsenal"
1,"6",4,"2018",24,7,"1","3","Burnley","Liverpool"
2,"18",3,"2018",15,5,"1","1","Brighton and Hove Albion","Tottenham Hotspur"
2,"26",4,"2018",14,9,"1","1","Fulham","Wolverhampton Wanderers"
2,"3",1,"2018",1,2,"1","2","Southampton","Crystal Palace"
2,"3",1,"2018",10,18,"2","1","West Ham United","West Bromwich Albion"
2,"3",1,"2018",13,6,"3","1","Manchester City","Watford"
2,"3",1,"2018",17,5,"0","2","Swansea City","Tottenham Hotspur"
2,"31",1,"2018",10,2,"1","1","West Ham United","Crystal Palace"
2,"31",1,"2018",12,7,"0","3","Huddersfield Town","Liverpool"
2,"31",1,"2018",17,20,"3","1","Swansea City","Arsenal"
2,"5",4,"2018",3,12,"2","1","AFC Bournemouth","Huddersfield Town"
2,"5",4,"2018",6,13,"1","2","Watford","Manchester City"
2,"5",4,"2018",10,21,"3","1","West Ham United","Cardiff City"
2,"5",4,"2018",15,2,"3","1","Brighton and Hove Albion","Crystal Palace"
2,"9",2,"2018",17,1,"0","1","Swansea City","Southampton"
3,"1",3,"2018",11,13,"1","3","Everton","Manchester City"
3,"1",3,"2018",20,19,"3","0","Arsenal","Stoke City"
3,"11",5,"2018",4,2,"2","1","Chelsea","Crystal Palace"
3,"11",5,"2018",10,24,"0","3","West Ham United","Burnley"
3,"11",5,"2018",11,15,"2","0","Everton","Brighton and Hove Albion"
3,"11",5,"2018",12,17,"0","0","Huddersfield Town","Swansea City"
3,"11",5,"2018",18,8,"1","4","West Bromwich Albion","Leicester City"
3,"11",5,"2018",20,6,"3","0","Arsenal","Watford"
3,"11",5,"2018",22,1,"3","0","Newcastle United","Southampton"
3,"11",6,"2018",10,6,"2","0","West Ham United","Watford"
3,"11",6,"2018",11,2,"3","1","Everton","Crystal Palace"
3,"11",6,"2018",12,3,"4","1","Huddersfield Town","AFC Bournemouth"
3,"11",6,"2018",13,8,"5","1","Manchester City","Leicester City"
3,"11",6,"2018",17,24,"1","0","Swansea City","Burnley"
3,"11",6,"2018",19,15,"1","1","Stoke City","Brighton and Hove Albion"
3,"11",6,"2018",22,16,"1","0","Newcastle United","Manchester United"
3,"11",7,"2018",1,6,"1","1","Southampton","Watford"
3,"11",7,"2018",2,5,"0","1","Crystal Palace","Tottenham Hotspur"
3,"11",7,"2018",4,11,"0","0","Chelsea","Everton"
3,"11",7,"2018",7,14,"2","0","Liverpool","Fulham"
3,"11",7,"2018",8,24,"0","0","Leicester City","Burnley"
3,"11",7,"2018",12,10,"1","1","Huddersfield Town","West Ham United"
3,"11",7,"2018",22,3,"2","1","Newcastle United","AFC Bournemouth"
3,"12",10,"2018",1,24,"0","0","Southampton","Burnley"
3,"12",10,"2018",7,10,"4","0","Liverpool","West Ham United"
3,"12",10,"2018",9,11,"2","2","Wolverhampton Wanderers","Everton"
3,"13",2,"2018",1,13,"0","1","Southampton","Manchester City"
3,"13",2,"2018",2,18,"2","0","Crystal Palace","West Bromwich Albion"
3,"13",2,"2018",5,8,"5","4","Tottenham Hotspur","Leicester City"
3,"13",2,"2018",7,15,"4","0","Liverpool","Brighton and Hove Albion"
3,"13",2,"2018",10,11,"3","1","West Ham United","Everton"
3,"13",2,"2018",12,20,"0","1","Huddersfield Town","Arsenal"
3,"13",2,"2018",16,6,"1","0","Manchester United","Watford"
3,"13",2,"2018",17,19,"1","2","Swansea City","Stoke City"
3,"13",2,"2018",22,4,"3","0","Newcastle United","Chelsea"
3,"13",2,"2018",24,3,"1","2","Burnley","AFC Bournemouth"
3,"14",1,"2018",2,24,"1","0","Crystal Palace","Burnley"
3,"14",1,"2018",3,20,"2","1","AFC Bournemouth","Arsenal"
3,"14",1,"2018",4,8,"0","0","Chelsea","Leicester City"
3,"14",1,"2018",5,11,"4","0","Tottenham Hotspur","Everton"
3,"14",1,"2018",6,1,"2","2","Watford","Southampton"
3,"14",1,"2018",12,10,"1","4","Huddersfield Town","West Ham United"
3,"14",1,"2018",18,15,"2","0","West Bromwich Albion","Brighton and Hove Albion"
3,"14",1,"2018",22,17,"1","1","Newcastle United","Swansea City"
3,"15",3,"2018",5,13,"1","3","Tottenham Hotspur","Manchester City"
3,"15",3,"2018",7,3,"3","0","Liverpool","AFC Bournemouth"
3,"15",3,"2018",22,20,"2","1","Newcastle United","Arsenal"
3,"16",4,"2018",1,20,"3","2","Southampton","Arsenal"
3,"16",4,"2018",2,8,"1","0","Crystal Palace","Leicester City"
3,"16",4,"2018",5,24,"1","0","Tottenham Hotspur","Burnley"
3,"16",4,"2018",6,21,"3","2","Watford","Cardiff City"
3,"16",4,"2018",9,3,"2","0","Wolverhampton Wanderers","AFC Bournemouth"
3,"16",4,"2018",12,22,"0","1","Huddersfield Town","Newcastle United"
3,"16",4,"2018",14,10,"0","2","Fulham","West Ham United"
3,"16",4,"2018",15,4,"1","2","Brighton and Hove Albion","Chelsea"
3,"16",9,"2018",6,16,"1","2","Watford","Manchester United"
3,"16",9,"2018",9,24,"1","0","Wolverhampton Wanderers","Burnley"
3,"18",5,"2018",3,18,"2","1","AFC Bournemouth","West Bromwich Albion"
3,"18",5,"2018",7,6,"5","0","Liverpool","Watford"
3,"18",5,"2018",12,2,"0","2","Huddersfield Town","Crystal Palace"
3,"18",5,"2018",19,11,"1","2","Stoke City","Everton"
3,"19",10,"2018",4,20,"3","2","Chelsea","Arsenal"
3,"19",10,"2018",13,12,"6","1","Manchester City","Huddersfield Town"
3,"19",10,"2018",24,6,"1","3","Burnley","Watford"
3,"2",4,"2018",1,16,"2","2","Southampton","Manchester United"
3,"2",4,"2018",2,24,"2","0","Crystal Palace","Burnley"
3,"2",4,"2018",4,14,"2","0","Chelsea","Fulham"
3,"2",4,"2018",8,6,"2","0","Leicester City","Watford"
3,"2",4,"2018",12,15,"1","2","Huddersfield Town","Brighton and Hove Albion"
3,"2",4,"2018",13,3,"3","1","Manchester City","AFC Bournemouth"
3,"2",4,"2018",20,5,"4","2","Arsenal","Tottenham Hotspur"
3,"2",4,"2018",22,10,"0","3","Newcastle United","West Ham United"
3,"2",9,"2018",13,22,"2","1","Manchester City","Newcastle United"
3,"2",9,"2018",21,20,"2","3","Cardiff City","Arsenal"
3,"21",1,"2018",8,6,"2","0","Leicester City","Watford"
3,"21",1,"2018",10,3,"1","1","West Ham United","AFC Bournemouth"
3,"21",1,"2018",11,18,"1","1","Everton","West Bromwich Albion"
3,"21",1,"2018",13,22,"3","1","Manchester City","Newcastle United"
3,"21",1,"2018",19,12,"2","0","Stoke City","Huddersfield Town"
3,"21",1,"2018",20,2,"4","1","Arsenal","Crystal Palace"
3,"21",1,"2018",24,16,"0","1","Burnley","Manchester United"
3,"21",8,"2018",12,7,"0","1","Huddersfield Town","Liverpool"
3,"22",3,"2018",19,24,"1","1","Stoke City","Burnley"
3,"22",3,"2018",20,10,"4","1","Arsenal","West Ham United"
3,"23",4,"2018",3,15,"2","0","AFC Bournemouth","Brighton and Hove Albion"
3,"23",4,"2018",4,8,"0","1","Chelsea","Leicester City"
3,"23",4,"2018",10,6,"0","2","West Ham United","Watford"
3,"23",4,"2018",12,1,"1","3","Huddersfield Town","Southampton"
3,"23",4,"2018",13,2,"2","3","Manchester City","Crystal Palace"
3,"23",4,"2018",21,16,"1","5","Cardiff City","Manchester United"
3,"23",4,"2018",22,14,"0","0","Newcastle United","Fulham"
3,"23",9,"2018",10,4,"0","0","West Ham United","Chelsea"
3,"23",9,"2018",15,5,"1","2","Brighton and Hove Albion","Tottenham Hotspur"
3,"25",6,"2018",2,5,"0","1","Crystal Palace","Tottenham Hotspur"
3,"25",6,"2018",3,22,"2","2","AFC Bournemouth","Newcastle United"
3,"25",6,"2018",6,11,"1","0","Watford","Everton"
3,"25",6,"2018",7,10,"4","1","Liverpool","West Ham United"
3,"25",6,"2018",15,17,"4","1","Brighton and Hove Albion","Swansea City"
3,"25",6,"2018",16,4,"2","1","Manchester United","Chelsea"
3,"25",6,"2018",18,12,"1","2","West Bromwich Albion","Huddersfield Town"
3,"25",6,"2018",24,1,"1","1","Burnley","Southampton"
3,"25",7,"2018",3,20,"1","2","AFC Bournemouth","Arsenal"
3,"25",7,"2018",5,4,"3","1","Tottenham Hotspur","Chelsea"
3,"25",7,"2018",6,7,"0","3","Watford","Liverpool"
3,"25",7,"2018",10,13,"0","4","West Ham United","Manchester City"
3,"25",7,"2018",11,21,"1","0","Everton","Cardiff City"
3,"25",7,"2018",14,1,"3","2","Fulham","Southampton"
3,"25",7,"2018",15,8,"1","1","Brighton and Hove Albion","Leicester City"
3,"25",7,"2018",16,2,"0","0","Manchester United","Crystal Palace"
3,"26",10,"2018",6,2,"2","1","Watford","Crystal Palace"
3,"26",10,"2018",7,15,"1","0","Liverpool","Brighton and Hove Albion"
3,"28",8,"2018",2,20,"2","2","Crystal Palace","Arsenal"
3,"28",8,"2018",8,10,"1","1","Leicester City","West Ham United"
3,"28",8,"2018",24,4,"0","4","Burnley","Chelsea"
3,"29",3,"2018",10,13,"1","4","West Ham United","Manchester City"
3,"29",3,"2018",17,4,"0","1","Swansea City","Chelsea"
3,"30",4,"2018",1,13,"1","3","Southampton","Manchester City"
3,"30",4,"2018",2,4,"0","1","Crystal Palace","Chelsea"
3,"30",4,"2018",5,9,"1","3","Tottenham Hotspur","Wolverhampton Wanderers"
3,"30",4,"2018",6,22,"1","1","Watford","Newcastle United"
3,"30",4,"2018",7,20,"5","1","Liverpool","Arsenal"
3,"30",4,"2018",8,21,"0","1","Leicester City","Cardiff City"
3,"30",4,"2018",14,12,"1","0","Fulham","Huddersfield Town"
3,"30",4,"2018",15,11,"1","0","Brighton and Hove Albion","Everton"
3,"30",4,"2018",24,10,"2","0","Burnley","West Ham United"
3,"30",9,"2018",4,7,"1","1","Chelsea","Liverpool"
3,"4",5,"2018",1,19,"0","0","Southampton","Stoke City"
3,"4",5,"2018",5,12,"2","0","Tottenham Hotspur","Huddersfield Town"
3,"4",5,"2018",6,18,"1","0","Watford","West Bromwich Albion"
3,"4",5,"2018",7,22,"2","0","Liverpool","Newcastle United"
3,"4",5,"2018",8,3,"1","1","Leicester City","AFC Bournemouth"
3,"4",5,"2018",15,20,"2","1","Brighton and Hove Albion","Arsenal"
3,"4",5,"2018",17,10,"4","1","Swansea City","West Ham United"
3,"4",6,"2018",2,22,"1","1","Crystal Palace","Newcastle United"
3,"4",6,"2018",3,19,"2","1","AFC Bournemouth","Stoke City"
3,"4",6,"2018",8,17,"1","1","Leicester City","Swansea City"
3,"4",6,"2018",15,10,"3","1","Brighton and Hove Albion","West Ham United"
3,"4",6,"2018",16,12,"2","0","Manchester United","Huddersfield Town"
3,"4",6,"2018",18,1,"2","3","West Bromwich Albion","Southampton"
3,"4",6,"2018",20,11,"5","1","Arsenal","Everton"
3,"4",7,"2018",9,5,"2","3","Wolverhampton Wanderers","Tottenham Hotspur"
3,"4",7,"2018",10,24,"4","2","West Ham United","Burnley"
3,"4",7,"2018",11,15,"3","1","Everton","Brighton and Hove Albion"
3,"4",7,"2018",20,7,"1","1","Arsenal","Liverpool"
3,"4",7,"2018",21,8,"0","1","Cardiff City","Leicester City"
3,"4",7,"2018",22,6,"1","0","Newcastle United","Watford"
3,"6",2,"2018",11,1,"1","1","Everton","Southampton"
3,"6",2,"2018",13,12,"0","0","Manchester City","Huddersfield Town"
3,"7",8,"2018",1,4,"0","3","Southampton","Chelsea"
3,"7",8,"2018",14,20,"1","5","Fulham","Arsenal"
3,"7",8,"2018",16,22,"3","2","Manchester United","Newcastle United"
3,"8",3,"2018",13,16,"2","3","Manchester City","Manchester United"
3,"8",3,"2018",20,1,"3","2","Arsenal","Southampton"
3,"9",4,"2018",4,13,"2","0","Chelsea","Manchester City"
3,"9",4,"2018",8,5,"0","2","Leicester City","Tottenham Hotspur"
3,"9",4,"2018",10,2,"3","2","West Ham United","Crystal Palace"
3,"9",4,"2018",16,14,"4","1","Manchester United","Fulham"
3,"9",4,"2018",20,12,"1","0","Arsenal","Huddersfield Town"
3,"9",4,"2018",21,1,"1","0","Cardiff City","Southampton"
3,"9",4,"2018",24,15,"1","0","Burnley","Brighton and Hove Albion"
4,"1",1,"2018",15,3,"2","2","Brighton and Hove Albion","AFC Bournemouth"
4,"1",1,"2018",18,20,"1","1","West Bromwich Albion","Arsenal"
4,"1",8,"2018",21,24,"1","2","Cardiff City","Burnley"
4,"10",4,"2018",22,9,"1","2","Newcastle United","Wolverhampton Wanderers"
4,"12",5,"2018",3,5,"1","4","AFC Bournemouth","Tottenham Hotspur"
4,"12",6,"2018",1,7,"0","2","Southampton","Liverpool"
4,"12",7,"2018",13,16,"3","1","Manchester City","Manchester United"
4,"12",7,"2018",20,9,"1","1","Arsenal","Wolverhampton Wanderers"
4,"13",10,"2018",20,13,"0","2","Arsenal","Manchester City"
4,"15",1,"2018",7,13,"4","3","Liverpool","Manchester City"
4,"16",3,"2018",16,18,"0","1","Manchester United","West Bromwich Albion"
4,"17",4,"2018",7,16,"3","1","Liverpool","Manchester United"
4,"17",9,"2018",11,10,"1","3","Everton","West Ham United"
4,"2",3,"2018",4,5,"1","3","Chelsea","Tottenham Hotspur"
4,"20",10,"2018",15,16,"3","2","Brighton and Hove Albion","Manchester United"
4,"22",1,"2018",1,5,"1","1","Southampton","Tottenham Hotspur"
4,"22",8,"2018",11,2,"2","0","Everton","Crystal Palace"
4,"23",3,"2018",13,17,"5","0","Manchester City","Swansea City"
4,"24",4,"2018",11,5,"2","6","Everton","Tottenham Hotspur"
4,"24",9,"2018",20,11,"2","0","Arsenal","Everton"
4,"26",7,"2018",9,12,"0","2","Wolverhampton Wanderers","Huddersfield Town"
4,"27",10,"2018",14,24,"4","2","Fulham","Burnley"
4,"27",10,"2018",22,4,"1","2","Newcastle United","Chelsea"
4,"29",8,"2018",16,11,"2","1","Manchester United","Everton"
4,"3",4,"2018",7,11,"1","0","Liverpool","Everton"
4,"3",9,"2018",6,5,"2","1","Watford","Tottenham Hotspur"
4,"3",9,"2018",24,16,"0","2","Burnley","Manchester United"
4,"30",3,"2018",16,20,"2","1","Manchester United","Arsenal"
4,"31",4,"2018",16,3,"4","1","Manchester United","AFC Bournemouth"
4,"5",5,"2018",13,4,"1","0","Manchester City","Chelsea"
4,"5",6,"2018",7,5,"2","2","Liverpool","Tottenham Hotspur"
4,"5",7,"2018",4,2,"3","1","Chelsea","Crystal Palace"
4,"5",7,"2018",13,1,"6","1","Manchester City","Southampton"
4,"7",2,"2018",4,7,"1","0","Chelsea","Liverpool"
4,"7",2,"2018",20,24,"5","0","Arsenal","Burnley"
4,"8",8,"2018",7,13,"0","0","Liverpool","Manchester City"
4,"9",3,"2018",4,10,"1","1","Chelsea","West Ham United"
5,"11",2,"2018",10,16,"0","0","West Ham United","Manchester United"
5,"2",5,"2018",20,13,"0","3","Arsenal","Manchester City"
5,"20",3,"2018",8,1,"0","0","Leicester City","Southampton"
5,"20",3,"2018",24,4,"1","2","Burnley","Chelsea"
5,"28",4,"2018",1,10,"1","2","Southampton","West Ham United"
5,"5",1,"2018",5,10,"1","1","Tottenham Hotspur","West Ham United"
6,"1",4,"2018",21,9,"2","1","Cardiff City","Wolverhampton Wanderers"
6,"1",9,"2018",2,1,"0","2","Crystal Palace","Southampton"
6,"1",9,"2018",4,3,"2","0","Chelsea","AFC Bournemouth"
6,"1",9,"2018",8,7,"1","2","Leicester City","Liverpool"
6,"1",9,"2018",10,9,"0","1","West Ham United","Wolverhampton Wanderers"
6,"1",9,"2018",11,12,"1","1","Everton","Huddersfield Town"
6,"1",9,"2018",15,14,"2","2","Brighton and Hove Albion","Fulham"
6,"10",5,"2018",16,7,"2","1","Manchester United","Liverpool"
6,"10",6,"2018",5,20,"1","0","Tottenham Hotspur","Arsenal"
6,"10",7,"2018",21,15,"2","1","Cardiff City","Brighton and Hove Albion"
6,"11",10,"2018",3,21,"2","0","AFC Bournemouth","Cardiff City"
6,"11",10,"2018",6,15,"2","0","Watford","Brighton and Hove Albion"
6,"11",10,"2018",12,4,"0","3","Huddersfield Town","Chelsea"
6,"11",10,"2018",14,2,"0","2","Fulham","Crystal Palace"
6,"11",10,"2018",16,8,"2","1","Manchester United","Leicester City"
6,"11",10,"2018",22,5,"1","2","Newcastle United","Tottenham Hotspur"
6,"14",3,"2018",1,4,"2","3","Southampton","Chelsea"
6,"14",3,"2018",2,15,"3","2","Crystal Palace","Brighton and Hove Albion"
6,"14",3,"2018",12,6,"1","0","Huddersfield Town","Watford"
6,"14",3,"2018",17,11,"1","1","Swansea City","Everton"
6,"14",3,"2018",24,8,"2","1","Burnley","Leicester City"
6,"15",4,"2018",13,11,"3","1","Manchester City","Everton"
6,"15",9,"2018",3,8,"4","2","AFC Bournemouth","Leicester City"
6,"15",9,"2018",4,21,"4","1","Chelsea","Cardiff City"
6,"15",9,"2018",5,7,"1","2","Tottenham Hotspur","Liverpool"
6,"15",9,"2018",12,2,"0","1","Huddersfield Town","Crystal Palace"
6,"15",9,"2018",13,14,"3","0","Manchester City","Fulham"
6,"15",9,"2018",22,20,"1","2","Newcastle United","Arsenal"
6,"18",10,"2018",5,14,"3","1","Tottenham Hotspur","Fulham"
6,"18",10,"2018",8,9,"2","0","Leicester City","Wolverhampton Wanderers"
6,"18",10,"2018",10,3,"1","2","West Ham United","AFC Bournemouth"
6,"18",10,"2018",11,1,"2","1","Everton","Southampton"
6,"18",10,"2018",21,22,"0","0","Cardiff City","Newcastle United"
6,"20",1,"2018",15,4,"0","4","Brighton and Hove Albion","Chelsea"
6,"20",8,"2018",3,1,"0","0","AFC Bournemouth","Southampton"
6,"20",8,"2018",4,16,"2","2","Chelsea","Manchester United"
6,"20",8,"2018",9,6,"0","2","Wolverhampton Wanderers","Watford"
6,"20",8,"2018",10,5,"0","1","West Ham United","Tottenham Hotspur"
6,"20",8,"2018",13,24,"5","0","Manchester City","Burnley"
6,"20",8,"2018",21,14,"4","2","Cardiff City","Fulham"
6,"20",8,"2018",22,15,"0","1","Newcastle United","Brighton and Hove Albion"
6,"21",3,"2018",6,2,"0","0","Watford","Crystal Palace"
6,"21",3,"2018",18,7,"2","2","West Bromwich Albion","Liverpool"
6,"22",4,"2018",9,7,"0","2","Wolverhampton Wanderers","Liverpool"
6,"22",4,"2018",20,24,"3","1","Arsenal","Burnley"
6,"22",9,"2018",2,22,"0","0","Crystal Palace","Newcastle United"
6,"22",9,"2018",7,1,"3","0","Liverpool","Southampton"
6,"22",9,"2018",8,12,"3","1","Leicester City","Huddersfield Town"
6,"22",9,"2018",14,6,"1","1","Fulham","Watford"
6,"22",9,"2018",16,9,"1","1","Manchester United","Wolverhampton Wanderers"
6,"22",9,"2018",21,13,"0","5","Cardiff City","Manchester City"
6,"22",9,"2018",24,3,"4","0","Burnley","AFC Bournemouth"
6,"24",6,"2018",8,19,"1","1","Leicester City","Stoke City"
6,"25",10,"2018",1,8,"1","2","Southampton","Leicester City"
6,"25",10,"2018",3,11,"2","2","AFC Bournemouth","Everton"
6,"25",10,"2018",9,13,"1","1","Wolverhampton Wanderers","Manchester City"
6,"25",10,"2018",12,21,"0","0","Huddersfield Town","Cardiff City"
6,"25",10,"2018",20,10,"3","1","Arsenal","West Ham United"
6,"27",8,"2018",1,22,"0","0","Southampton","Newcastle United"
6,"27",8,"2018",6,12,"3","0","Watford","Huddersfield Town"
6,"27",8,"2018",7,21,"4","1","Liverpool","Cardiff City"
6,"27",8,"2018",14,3,"0","3","Fulham","AFC Bournemouth"
6,"27",8,"2018",15,9,"1","0","Brighton and Hove Albion","Wolverhampton Wanderers"
6,"28",3,"2018",1,3,"2","1","Southampton","AFC Bournemouth"
6,"28",3,"2018",2,8,"5","0","Crystal Palace","Leicester City"
6,"28",3,"2018",7,19,"0","0","Liverpool","Stoke City"
6,"28",3,"2018",12,11,"0","2","Huddersfield Town","Everton"
6,"28",3,"2018",22,18,"0","1","Newcastle United","West Bromwich Albion"
6,"28",3,"2018",24,15,"0","0","Burnley","Brighton and Hove Albion"
6,"29",9,"2018",9,1,"2","0","Wolverhampton Wanderers","Southampton"
6,"29",9,"2018",10,16,"3","1","West Ham United","Manchester United"
6,"29",9,"2018",11,14,"3","0","Everton","Fulham"
6,"29",9,"2018",12,5,"0","2","Huddersfield Town","Tottenham Hotspur"
6,"29",9,"2018",13,15,"2","0","Manchester City","Brighton and Hove Albion"
6,"29",9,"2018",20,6,"2","0","Arsenal","Watford"
6,"29",9,"2018",22,8,"0","2","Newcastle United","Leicester City"
6,"3",5,"2018",24,11,"2","1","Burnley","Everton"
6,"3",6,"2018",24,13,"1","1","Burnley","Manchester City"
6,"3",7,"2018",3,16,"1","2","AFC Bournemouth","Manchester United"
6,"31",5,"2018",2,7,"1","2","Crystal Palace","Liverpool"
6,"31",5,"2018",6,3,"2","2","Watford","AFC Bournemouth"
6,"31",5,"2018",10,1,"3","0","West Ham United","Southampton"
6,"31",5,"2018",15,8,"0","2","Brighton and Hove Albion","Leicester City"
6,"31",5,"2018",16,17,"2","0","Manchester United","Swansea City"
6,"31",5,"2018",18,24,"1","2","West Bromwich Albion","Burnley"
6,"31",5,"2018",22,12,"1","0","Newcastle United","Huddersfield Town"
6,"5",2,"2018",3,17,"1","0","AFC Bournemouth","Swansea City"
6,"5",2,"2018",6,22,"2","1","Watford","Newcastle United"
6,"5",2,"2018",8,10,"0","2","Leicester City","West Ham United"
6,"5",2,"2018",15,16,"1","0","Brighton and Hove Albion","Manchester United"
6,"5",2,"2018",18,5,"1","0","West Bromwich Albion","Tottenham Hotspur"
6,"5",2,"2018",19,2,"1","2","Stoke City","Crystal Palace"
6,"6",8,"2018",2,9,"0","1","Crystal Palace","Wolverhampton Wanderers"
6,"6",8,"2018",5,21,"1","0","Tottenham Hotspur","Cardiff City"
6,"6",8,"2018",6,3,"0","4","Watford","AFC Bournemouth"
6,"6",8,"2018",8,11,"1","2","Leicester City","Everton"
6,"6",8,"2018",15,10,"1","0","Brighton and Hove Albion","West Ham United"
6,"6",8,"2018",24,12,"1","1","Burnley","Huddersfield Town"
6,"7",3,"2018",3,2,"2","2","AFC Bournemouth","Crystal Palace"
6,"7",3,"2018",6,24,"1","2","Watford","Burnley"
6,"7",3,"2018",8,22,"1","2","Leicester City","Newcastle United"
6,"7",3,"2018",11,7,"0","0","Everton","Liverpool"
6,"7",3,"2018",15,12,"1","1","Brighton and Hove Albion","Huddersfield Town"
6,"7",3,"2018",18,17,"1","1","West Bromwich Albion","Swansea City"
6,"7",3,"2018",19,5,"1","2","Stoke City","Tottenham Hotspur"
6,"8",4,"2018",3,7,"0","4","AFC Bournemouth","Liverpool"
7,"1",2,"2018",5,6,"2","0","Tottenham Hotspur","Watford"
7,"11",4,"2018",11,6,"2","2","Everton","Watford"
7,"13",5,"2018",19,13,"0","2","Stoke City","Manchester City"
7,"13",6,"2018",4,18,"3","0","Chelsea","West Bromwich Albion"
7,"16",1,"2018",16,19,"3","0","Manchester United","Stoke City"
7,"17",3,"2018",10,19,"1","1","West Ham United","Stoke City"
7,"18",9,"2018",1,15,"2","2","Southampton","Brighton and Hove Albion"
7,"2",1,"2018",8,12,"3","0","Leicester City","Huddersfield Town"
7,"2",1,"2018",11,16,"0","2","Everton","Manchester United"
7,"2",1,"2018",19,22,"0","1","Stoke City","Newcastle United"
7,"2",1,"2018",24,7,"1","2","Burnley","Liverpool"
7,"2",8,"2018",3,2,"2","1","AFC Bournemouth","Crystal Palace"
7,"21",10,"2018",2,7,"0","2","Crystal Palace","Liverpool"
7,"23",1,"2018",17,7,"1","0","Swansea City","Liverpool"
7,"23",8,"2018",20,8,"3","1","Arsenal","Leicester City"
7,"24",3,"2018",11,22,"1","0","Everton","Newcastle United"
7,"27",7,"2018",24,22,"1","2","Burnley","Newcastle United"
7,"28",10,"2018",16,5,"0","3","Manchester United","Tottenham Hotspur"
7,"30",8,"2018",5,13,"0","1","Tottenham Hotspur","Manchester City"
7,"6",5,"2018",2,16,"2","3","Crystal Palace","Manchester United"
7,"6",6,"2018",6,4,"4","1","Watford","Chelsea"
7,"6",7,"2018",12,14,"1","0","Huddersfield Town","Fulham"
1,"3",1,"2019",3,6,"3","3","AFC Bournemouth","Watford"
1,"3",1,"2019",4,1,"0","0","Chelsea","Southampton"
1,"3",1,"2019",9,2,"0","2","Wolverhampton Wanderers","Crystal Palace"
1,"3",1,"2019",10,15,"2","2","West Ham United","Brighton and Hove Albion"
1,"3",1,"2019",12,24,"1","2","Huddersfield Town","Burnley"
1,"3",1,"2019",22,16,"0","2","Newcastle United","Manchester United"
1,"31",1,"2019",1,2,"1","1","Southampton","Crystal Palace"
1,"31",1,"2019",3,4,"4","0","AFC Bournemouth","Chelsea"
1,"31",1,"2019",5,6,"2","1","Tottenham Hotspur","Watford"
1,"31",1,"2019",7,8,"1","1","Liverpool","Leicester City"
2,"2",1,"2019",20,14,"4","1","Arsenal","Fulham"
2,"2",1,"2019",21,5,"0","3","Cardiff City","Tottenham Hotspur"
2,"30",1,"2019",9,10,"3","0","Wolverhampton Wanderers","West Ham United"
2,"30",1,"2019",12,11,"0","1","Huddersfield Town","Everton"
2,"30",1,"2019",14,15,"4","2","Fulham","Brighton and Hove Albion"
2,"30",1,"2019",16,24,"2","2","Manchester United","Burnley"
2,"30",1,"2019",20,21,"2","1","Arsenal","Cardiff City"
2,"30",1,"2019",22,13,"2","1","Newcastle United","Manchester City"
3,"13",1,"2019",2,6,"1","2","Crystal Palace","Watford"
3,"13",1,"2019",4,22,"2","1","Chelsea","Newcastle United"
3,"13",1,"2019",8,1,"1","2","Leicester City","Southampton"
3,"13",1,"2019",11,3,"2","0","Everton","AFC Bournemouth"
3,"13",1,"2019",15,7,"0","1","Brighton and Hove Albion","Liverpool"
3,"13",1,"2019",21,12,"0","0","Cardiff City","Huddersfield Town"
3,"13",1,"2019",24,14,"2","1","Burnley","Fulham"
3,"20",1,"2019",1,11,"2","1","Southampton","Everton"
3,"20",1,"2019",3,10,"2","0","AFC Bournemouth","West Ham United"
3,"20",1,"2019",6,24,"0","0","Watford","Burnley"
3,"20",1,"2019",7,2,"4","3","Liverpool","Crystal Palace"
3,"20",1,"2019",12,13,"0","3","Huddersfield Town","Manchester City"
3,"20",1,"2019",16,15,"2","1","Manchester United","Brighton and Hove Albion"
3,"20",1,"2019",20,4,"2","0","Arsenal","Chelsea"
3,"20",1,"2019",22,21,"3","0","Newcastle United","Cardiff City"
4,"14",1,"2019",5,16,"0","1","Tottenham Hotspur","Manchester United"
4,"21",1,"2019",14,5,"1","2","Fulham","Tottenham Hotspur"
5,"4",1,"2019",13,7,"2","1","Manchester City","Liverpool"
6,"12",1,"2019",10,20,"1","0","West Ham United","Arsenal"
6,"19",1,"2019",9,8,"4","3","Wolverhampton Wanderers","Leicester City"
7,"1",1,"2019",11,8,"0","1","Everton","Leicester City"
7,"15",1,"2019",13,9,"3","0","Manchester City","Wolverhampton Wanderers"
